diary_no,law_category
-0,Tax/Corporate Law
-1428,Administrative/Service Law
1-1148,Civil Law
1-1918,Tax/Corporate Law
1-9098,Labor/Employment Law
1-9228,Constitutional Law
100-1961,Tax/Corporate Law
10044-2000,Labor/Employment Law
10045-2004,Constitutional Law
10049-1994,Labor/Employment Law
10055-2008,Labor/Employment Law
10056-2001,Criminal Law
10084-1999,Labor/Employment Law
10111-1994,Civil Law
10142-2011,Labor/Employment Law
10169-2001,Tax/Corporate Law
10172-2000,Criminal Law
102-1956,Criminal Law
10205-2000,Civil Law
10211-2010,Criminal Law
10217-1995,Labor/Employment Law
10246-1995,Civil Law
10253-2004,Labor/Employment Law
1026-2011,Administrative/Service Law
10283-1994,Tax/Corporate Law
10296-2007,Criminal Law
103-1960,Civil Law
103-1962,Labor/Employment Law
10302-2000,Labor/Employment Law
10386-1994,Labor/Employment Law
10391-2002,Criminal Law
10398-2008,Constitutional Law
104-1955,Constitutional Law
104-1967,Tax/Corporate Law
10425-2004,Labor/Employment Law
10450-2013,Labor/Employment Law
10491-2003,Labor/Employment Law
10540-2007,Labor/Employment Law
10555-2003,Labor/Employment Law
10571-2010,Criminal Law
10585-2019,Labor/Employment Law
10598-2006,Criminal Law
10599-1999,Labor/Employment Law
106-1955,Labor/Employment Law
10684-1998,Labor/Employment Law
1069-1996,Tax/Corporate Law
1069-2009,Criminal Law
107-1960,Labor/Employment Law
10702-2015,Constitutional Law
10712-1994,Labor/Employment Law
10775-2008,Constitutional Law
10789-2000,Criminal Law
10879-2006,Criminal Law
1088-2012,Tax/Corporate Law
109-1959,Constitutional Law
10907-1994,Constitutional Law
10941-1999,Tax/Corporate Law
10951-2017,Labor/Employment Law
110-1965,Civil Law
11039-1999,Criminal Law
11056-2010,Labor/Employment Law
11064-2006,Labor/Employment Law
11106-2003,Criminal Law
1111-1998,Tax/Corporate Law
11204-2005,Criminal Law
11235-1998,Civil Law
113-1955,Constitutional Law
113-1963,Labor/Employment Law
11311-2009,Criminal Law
114-2021,Constitutional Law
11401-1997,Criminal Law
11415-2000,Labor/Employment Law
11457-2016,Criminal Law
11484-1999,Criminal Law
11519-2020,Criminal Law
11562-1997,Labor/Employment Law
11569-2000,Tax/Corporate Law
11576-2009,Criminal Law
11633-2016,Constitutional Law
11654-1999,Tax/Corporate Law
1169-1999,Labor/Employment Law
117-1963,Labor/Employment Law
11733-2006,Civil Law
11750-2000,Criminal Law
11754-2005,Constitutional Law
11765-2016,Labor/Employment Law
118-1962,Tax/Corporate Law
11812-2011,Labor/Employment Law
11901-1997,Criminal Law
11902-1994,Tax/Corporate Law
11920-2003,Constitutional Law
11927-2009,Constitutional Law
120-1962,Constitutional Law
12025-2010,Criminal Law
12026-2007,Labor/Employment Law
12066-2005,Labor/Employment Law
1208-1997,Criminal Law
12087-2009,Labor/Employment Law
12123-2002,Labor/Employment Law
12124-2008,Labor/Employment Law
12178-1995,Tax/Corporate Law
122-1961,Criminal Law
12203-2007,Criminal Law
12215-1995,Civil Law
12242-1998,Criminal Law
12283-2019,Criminal Law
12289-2006,Labor/Employment Law
123-1963,Constitutional Law
12305-2009,Labor/Employment Law
12309-2006,Criminal Law
12322-2016,Labor/Employment Law
12336-2008,Labor/Employment Law
12373-2004,Constitutional Law
124-1955,Criminal Law
12417-2000,Constitutional Law
12501-2009,Labor/Employment Law
12521-2007,Labor/Employment Law
1253-2003,Civil Law
12555-2020,Labor/Employment Law
12575-1997,Constitutional Law
1258-2003,Tax/Corporate Law
126-1956,Labor/Employment Law
12646-2007,Tax/Corporate Law
12697-2021,Labor/Employment Law
12720-1995,Tax/Corporate Law
12737-2009,Labor/Employment Law
12745-2009,Labor/Employment Law
12768-1995,Criminal Law
12779-2000,Constitutional Law
12799-1997,Civil Law
12861-2005,Constitutional Law
12938-2000,Labor/Employment Law
12939-2005,Labor/Employment Law
12971-2001,Constitutional Law
12972-2001,Labor/Employment Law
12972-2009,Labor/Employment Law
12994-2007,Criminal Law
13013-1999,Labor/Employment Law
13026-2000,Administrative/Service Law
13097-1998,Civil Law
13173-1998,Labor/Employment Law
1319-2019,Labor/Employment Law
13195-2005,Constitutional Law
13198-2015,Labor/Employment Law
13245-2003,Labor/Employment Law
1326-2005,Labor/Employment Law
13294-2010,Constitutional Law
13309-2021,Criminal Law
13318-1997,Labor/Employment Law
13336-2006,Constitutional Law
13346-2015,Constitutional Law
13354-2002,Labor/Employment Law
13439-2020,Constitutional Law
1346-2001,Constitutional Law
13503-2004,Civil Law
13520-2017,Labor/Employment Law
13521-2010,Labor/Employment Law
13592-1994,Constitutional Law
136-2002,Labor/Employment Law
13620-2004,Labor/Employment Law
13638-2012,Labor/Employment Law
13656-2012,Constitutional Law
13663-1999,Labor/Employment Law
13672-2010,Labor/Employment Law
137-1956,Civil Law
13700-1997,Labor/Employment Law
13760-2002,Labor/Employment Law
13781-2005,Labor/Employment Law
13790-2005,Labor/Employment Law
13793-2014,Labor/Employment Law
13802-2011,Labor/Employment Law
13816-2007,Tax/Corporate Law
13843-2006,Labor/Employment Law
13846-2002,Criminal Law
13871-2001,Criminal Law
13883-2000,Labor/Employment Law
13923-2017,Labor/Employment Law
13935-1999,Civil Law
13949-2000,Labor/Employment Law
14-1958,Constitutional Law
1400-2010,Constitutional Law
14025-1995,Constitutional Law
14056-2011,Civil Law
141-1956,Constitutional Law
1411-1953,Constitutional Law
14122-1995,Constitutional Law
14132-2000,Labor/Employment Law
14160-2005,Civil Law
14201-2006,Civil Law
14223-2003,Constitutional Law
1423-1953,Tax/Corporate Law
14254-1997,Labor/Employment Law
14294-2003,Labor/Employment Law
14298-2000,Constitutional Law
14301-2008,Labor/Employment Law
14304-2022,Labor/Employment Law
14318-2003,Constitutional Law
14340-2002,Civil Law
14370-2009,Civil Law
14378-2006,Criminal Law
14390-2006,Criminal Law
14426-2005,Tax/Corporate Law
14436-2011,Labor/Employment Law
14479-2007,Constitutional Law
14502-2012,Labor/Employment Law
14515-2022,Labor/Employment Law
14609-2015,Labor/Employment Law
14625-2022,Labor/Employment Law
14629-2016,Labor/Employment Law
1464-1953,Constitutional Law
14642-2007,Tax/Corporate Law
14649-2012,Labor/Employment Law
14654-1999,Labor/Employment Law
1468-1953,Labor/Employment Law
14701-2021,Labor/Employment Law
14704-2014,Labor/Employment Law
1474-1953,Constitutional Law
14740-2001,Criminal Law
14752-2006,Labor/Employment Law
14753-2008,Labor/Employment Law
14758-2021,Labor/Employment Law
14767-1999,Labor/Employment Law
14791-1997,Civil Law
14806-2004,Labor/Employment Law
1482-1953,Constitutional Law
14916-2010,Tax/Corporate Law
14942-2008,Labor/Employment Law
14948-1999,Criminal Law
14964-2000,Constitutional Law
14976-2005,Labor/Employment Law
14983-2003,Labor/Employment Law
14999-2005,Labor/Employment Law
15006-2002,Criminal Law
1501-2014,Constitutional Law
15012-2001,Criminal Law
15028-2008,Labor/Employment Law
15034-2001,Labor/Employment Law
15085-2005,Labor/Employment Law
1510-2001,Constitutional Law
15104-2000,Criminal Law
15109-1998,Labor/Employment Law
15117-2015,Labor/Employment Law
15139-1999,Criminal Law
15160-2007,Labor/Employment Law
15163-2008,Labor/Employment Law
15266-2011,Labor/Employment Law
153-1965,Civil Law
15334-2003,Labor/Employment Law
15341-2001,Labor/Employment Law
15395-1994,Administrative/Service Law
15396-2017,Criminal Law
15405-2008,Labor/Employment Law
15447-2005,Labor/Employment Law
15491-2006,Criminal Law
1552-1995,Labor/Employment Law
15556-2009,Labor/Employment Law
15588-2010,Administrative/Service Law
15663-2007,Labor/Employment Law
15668-2013,Labor/Employment Law
15678-2009,Tax/Corporate Law
15730-2003,Constitutional Law
15767-2003,Tax/Corporate Law
15886-2002,Criminal Law
15888-1998,Constitutional Law
15889-2003,Criminal Law
159-1955,Tax/Corporate Law
159-1963,Civil Law
15903-2020,Labor/Employment Law
15959-2015,Labor/Employment Law
15974-1993,Labor/Employment Law
15979-2007,Tax/Corporate Law
15993-2006,Labor/Employment Law
16013-1998,Civil Law
16030-1995,Civil Law
16036-2016,Labor/Employment Law
16046-1994,Labor/Employment Law
16055-1997,Constitutional Law
16068-2009,Criminal Law
16097-2000,Tax/Corporate Law
161-1958,Labor/Employment Law
161-1962,Labor/Employment Law
161-1967,Criminal Law
16121-2002,Labor/Employment Law
16130-2018,Labor/Employment Law
16153-2017,Criminal Law
1617-2008,Criminal Law
16187-1994,Tax/Corporate Law
162-1958,Civil Law
16230-2008,Labor/Employment Law
16233-2002,Labor/Employment Law
16269-2007,Constitutional Law
1632-1998,Constitutional Law
1632-2018,Labor/Employment Law
16339-2004,Constitutional Law
16349-1999,Constitutional Law
164-1962,Civil Law
16411-2015,Labor/Employment Law
16440-1999,Criminal Law
16443-1999,Labor/Employment Law
16472-2005,Labor/Employment Law
16551-2001,Labor/Employment Law
16579-1996,Labor/Employment Law
166-1965,Constitutional Law
16628-2004,Labor/Employment Law
16641-2004,Labor/Employment Law
16656-2001,Administrative/Service Law
16693-2016,Labor/Employment Law
16699-2021,Labor/Employment Law
16714-1994,Labor/Employment Law
16732-2016,Labor/Employment Law
16762-2002,Labor/Employment Law
16763-2005,Labor/Employment Law
16772-2012,Labor/Employment Law
16781-2005,Criminal Law
16833-2003,Labor/Employment Law
16867-2008,Labor/Employment Law
16868-2013,Criminal Law
16893-2002,Constitutional Law
169-1963,Civil Law
16906-2005,Labor/Employment Law
16912-2006,Labor/Employment Law
16933-2000,Criminal Law
16949-2013,Constitutional Law
16983-2003,Labor/Employment Law
17-1950,Constitutional Law
17041-2010,Criminal Law
17065-2015,Labor/Employment Law
17110-1995,Constitutional Law
17145-1999,Constitutional Law
17185-2002,Criminal Law
17188-2008,Administrative/Service Law
17224-2004,Labor/Employment Law
17243-2001,Constitutional Law
17335-2003,Civil Law
17341-1994,Criminal Law
17372-2000,Civil Law
17377-1994,Constitutional Law
1742-2001,Constitutional Law
17481-2018,Labor/Employment Law
17490-2018,Labor/Employment Law
17499-2008,Constitutional Law
17504-2000,Constitutional Law
17519-2008,Criminal Law
17547-1995,Tax/Corporate Law
17568-2021,Criminal Law
17570-2002,Criminal Law
17599-2005,Labor/Employment Law
176-1965,Labor/Employment Law
17621-2020,Administrative/Service Law
1766-2004,Labor/Employment Law
17705-2016,Labor/Employment Law
17718-2015,Labor/Employment Law
17726-2002,Labor/Employment Law
17736-2001,Administrative/Service Law
17737-2005,Labor/Employment Law
17744-2020,Constitutional Law
17748-2002,Labor/Employment Law
17753-2017,Labor/Employment Law
17782-2004,Labor/Employment Law
178-1958,Criminal Law
178-1959,Constitutional Law
17808-2017,Labor/Employment Law
17841-1998,Labor/Employment Law
17850-2020,Labor/Employment Law
17860-2005,Labor/Employment Law
17875-2019,Constitutional Law
17890-2001,Labor/Employment Law
17900-2003,Labor/Employment Law
17939-2011,Administrative/Service Law
17951-1998,Constitutional Law
17957-1993,Criminal Law
17982-2000,Labor/Employment Law
18008-2003,Tax/Corporate Law
18011-2004,Criminal Law
18050-2000,Administrative/Service Law
18062-1995,Labor/Employment Law
18063-2016,Labor/Employment Law
18127-2014,Labor/Employment Law
18131-2020,Labor/Employment Law
18143-2002,Labor/Employment Law
18171-2001,Labor/Employment Law
1818-2002,Labor/Employment Law
18193-2003,Constitutional Law
18230-2005,Tax/Corporate Law
18245-2008,Criminal Law
18248-2000,Tax/Corporate Law
18248-2017,Civil Law
18251-2004,Labor/Employment Law
18259-2023,Labor/Employment Law
18352-2015,Criminal Law
18370-2003,Civil Law
18373-2003,Labor/Employment Law
1840-2019,Labor/Employment Law
18402-2008,Labor/Employment Law
18423-2008,Criminal Law
18431-2007,Criminal Law
18450-2003,Constitutional Law
18468-2009,Labor/Employment Law
18469-2007,Labor/Employment Law
18471-2021,Administrative/Service Law
185-1961,Constitutional Law
18530-2006,Constitutional Law
18548-2002,Tax/Corporate Law
18597-2020,Labor/Employment Law
18604-2005,Administrative/Service Law
18613-2007,Labor/Employment Law
18613-2017,Labor/Employment Law
18623-1998,Labor/Employment Law
18624-2006,Labor/Employment Law
18639-2003,Criminal Law
18647-2018,Labor/Employment Law
18652-2003,Constitutional Law
18672-2005,Constitutional Law
1870-2002,Labor/Employment Law
18708-2017,Tax/Corporate Law
1873-2004,Civil Law
18765-2008,Administrative/Service Law
1884-2003,Criminal Law
18872-2008,Labor/Employment Law
189-1965,Constitutional Law
18912-2007,Labor/Employment Law
18920-2017,Labor/Employment Law
18969-1999,Labor/Employment Law
18973-2007,Labor/Employment Law
19004-1996,Tax/Corporate Law
19004-2000,Criminal Law
19056-2005,Labor/Employment Law
19072-2000,Labor/Employment Law
19075-2003,Criminal Law
19087-2007,Criminal Law
19092-2013,Constitutional Law
19101-2002,Tax/Corporate Law
19140-2008,Constitutional Law
19155-2000,Civil Law
19174-2010,Labor/Employment Law
1922-2017,Labor/Employment Law
19241-2010,Labor/Employment Law
19243-2002,Labor/Employment Law
19254-2005,Labor/Employment Law
19257-2009,Labor/Employment Law
19313-2005,Labor/Employment Law
19323-1996,Administrative/Service Law
19328-2012,Labor/Employment Law
1941-2014,Tax/Corporate Law
19414-2001,Criminal Law
19441-2005,Tax/Corporate Law
19462-2000,Constitutional Law
195-1960,Constitutional Law
19504-2014,Constitutional Law
1951-2002,Civil Law
19522-2006,Constitutional Law
19573-2016,Labor/Employment Law
19605-1994,Constitutional Law
19611-2007,Labor/Employment Law
1967-1995,Constitutional Law
19707-2005,Labor/Employment Law
19707-2017,Tax/Corporate Law
1975-2004,Labor/Employment Law
19750-1996,Criminal Law
19753-2021,Criminal Law
19765-2013,Labor/Employment Law
19781-2019,Constitutional Law
19788-1998,Labor/Employment Law
19813-2016,Labor/Employment Law
19832-2003,Labor/Employment Law
19843-2008,Labor/Employment Law
19844-2006,Constitutional Law
19861-2012,Labor/Employment Law
19894-2000,Criminal Law
19907-2008,Labor/Employment Law
19910-2007,Tax/Corporate Law
19946-2005,Criminal Law
19949-2007,Labor/Employment Law
19953-1999,Constitutional Law
19969-1994,Criminal Law
199959-1993,Constitutional Law
2-3678,Labor/Employment Law
2-6218,Administrative/Service Law
20-1950,Constitutional Law
200129-1993,Tax/Corporate Law
2002-2002,Labor/Employment Law
20025-2016,Labor/Employment Law
20030-2006,Labor/Employment Law
200322-1993,Constitutional Law
200452-1993,Criminal Law
200654-1993,Labor/Employment Law
201406-1993,Labor/Employment Law
20155-2000,Tax/Corporate Law
20198-1998,Constitutional Law
20204-1998,Labor/Employment Law
20216-1999,Civil Law
20256-2001,Criminal Law
202588-1993,Constitutional Law
20276-2008,Constitutional Law
20297-2001,Labor/Employment Law
20308-2009,Constitutional Law
20312-2003,Administrative/Service Law
20343-2022,Labor/Employment Law
20359-2003,Criminal Law
20387-2000,Criminal Law
20402-1996,Labor/Employment Law
20417-2016,Criminal Law
20468-1997,Constitutional Law
205-1967,Criminal Law
20533-2000,Criminal Law
20542-2014,Labor/Employment Law
20599-2012,Labor/Employment Law
20645-2020,Constitutional Law
20686-1999,Tax/Corporate Law
207-1958,Constitutional Law
207-1963,Civil Law
20746-2011,Labor/Employment Law
20749-2022,Labor/Employment Law
20761-2012,Labor/Employment Law
20844-1997,Criminal Law
20873-1999,Civil Law
21015-2021,Labor/Employment Law
21046-2021,Criminal Law
21068-2008,Criminal Law
211-1959,Constitutional Law
21108-2000,Labor/Employment Law
21108-2018,Labor/Employment Law
21123-2003,Civil Law
21126-1997,Labor/Employment Law
21226-2005,Labor/Employment Law
2127-2022,Labor/Employment Law
21296-2005,Labor/Employment Law
21298-2001,Criminal Law
21307-2009,Criminal Law
2132-2005,Labor/Employment Law
21370-2007,Labor/Employment Law
21400-1997,Labor/Employment Law
21427-2007,Labor/Employment Law
21438-2004,Constitutional Law
21496-2015,Labor/Employment Law
215-1967,Tax/Corporate Law
21510-2000,Labor/Employment Law
21551-2005,Criminal Law
21565-2001,Labor/Employment Law
2157-1995,Labor/Employment Law
21645-2002,Tax/Corporate Law
21767-2003,Labor/Employment Law
21767-2006,Labor/Employment Law
218-1963,Civil Law
21813-2016,Constitutional Law
21815-2022,Constitutional Law
21817-2015,Constitutional Law
21847-2005,Criminal Law
21865-2006,Labor/Employment Law
219-1965,Constitutional Law
21907-2007,Labor/Employment Law
21910-2005,Constitutional Law
21920-2008,Criminal Law
21941-2001,Labor/Employment Law
21978-2017,Labor/Employment Law
22008-2010,Labor/Employment Law
22013-2006,Criminal Law
22017-2008,Labor/Employment Law
2207-2000,Labor/Employment Law
221-1960,Civil Law
22106-2001,Criminal Law
22140-2013,Labor/Employment Law
22159-2007,Constitutional Law
22194-2015,Labor/Employment Law
222-1997,Civil Law
22201-2008,Labor/Employment Law
22203-2012,Labor/Employment Law
22287-2017,Criminal Law
22289-2003,Criminal Law
22324-2001,Constitutional Law
22333-2010,Criminal Law
22335-2010,Constitutional Law
2239-2009,Criminal Law
22509-2007,Criminal Law
22518-2023,Labor/Employment Law
22535-2017,Constitutional Law
2256-2001,Constitutional Law
22598-2007,Labor/Employment Law
22609-2002,Criminal Law
22657-2011,Criminal Law
22685-2003,Criminal Law
2275-2007,Constitutional Law
22751-2006,Labor/Employment Law
2280-2006,Criminal Law
2282-2012,Criminal Law
22822-2006,Labor/Employment Law
22857-2004,Labor/Employment Law
22869-2002,Criminal Law
22876-2009,Labor/Employment Law
22883-2015,Labor/Employment Law
23-1949,Civil Law
23001-2019,Labor/Employment Law
23012-2005,Labor/Employment Law
23052-2010,Constitutional Law
23127-2013,Tax/Corporate Law
23134-2018,Labor/Employment Law
23160-2011,Labor/Employment Law
23211-2003,Labor/Employment Law
23290-2005,Civil Law
23397-2002,Labor/Employment Law
23397-2007,Criminal Law
23398-2006,Labor/Employment Law
23402-2015,Labor/Employment Law
23415-2020,Labor/Employment Law
2346-2011,Labor/Employment Law
23491-2003,Labor/Employment Law
23499-2005,Labor/Employment Law
235-1967,Criminal Law
236-1960,Tax/Corporate Law
23612-2016,Constitutional Law
23630-2007,Labor/Employment Law
23651-2019,Labor/Employment Law
23654-2004,Labor/Employment Law
23692-2005,Labor/Employment Law
237-1963,Civil Law
237-1967,Criminal Law
23720-2008,Criminal Law
23752-2009,Constitutional Law
23757-2005,Labor/Employment Law
23842-2007,Civil Law
23952-2010,Labor/Employment Law
23979-2009,Labor/Employment Law
24-1950,Constitutional Law
240-1965,Tax/Corporate Law
24056-2019,Criminal Law
24103-2022,Labor/Employment Law
24105-2005,Criminal Law
24173-2013,Civil Law
24203-2016,Labor/Employment Law
24210-2008,Labor/Employment Law
24225-2002,Civil Law
24269-2009,Criminal Law
2427-2006,Civil Law
24291-2003,Labor/Employment Law
24374-2005,Constitutional Law
244-1960,Constitutional Law
24447-2003,Labor/Employment Law
24571-2008,Criminal Law
24574-2003,Labor/Employment Law
24613-2003,Criminal Law
24657-2007,Criminal Law
24683-2009,Labor/Employment Law
247-1961,Constitutional Law
247-1963,Labor/Employment Law
2471-2013,Tax/Corporate Law
24741-2008,Criminal Law
24779-2007,Labor/Employment Law
24802-2013,Constitutional Law
24823-2002,Criminal Law
24844-2012,Criminal Law
24898-2008,Constitutional Law
249-1967,Civil Law
249-2000,Labor/Employment Law
2490-2023,Administrative/Service Law
24993-2010,Tax/Corporate Law
25-1951,Constitutional Law
250-1962,Civil Law
250-1965,Labor/Employment Law
25022-2005,Labor/Employment Law
25032-2007,Criminal Law
25032-2019,Labor/Employment Law
25080-2006,Labor/Employment Law
25091-2007,Constitutional Law
25127-2013,Labor/Employment Law
25163-2006,Labor/Employment Law
2520-2015,Labor/Employment Law
25204-2012,Tax/Corporate Law
25207-2008,Labor/Employment Law
2521-1998,Labor/Employment Law
2522-2005,Labor/Employment Law
25227-2017,Labor/Employment Law
25304-2010,Labor/Employment Law
25422-2008,Constitutional Law
25429-2010,Labor/Employment Law
255-1963,Constitutional Law
255-1965,Criminal Law
25505-2002,Labor/Employment Law
25538-2002,Labor/Employment Law
25544-2005,Civil Law
25555-2021,Labor/Employment Law
25570-2003,Criminal Law
25584-2005,Labor/Employment Law
256-1965,Tax/Corporate Law
25604-2007,Labor/Employment Law
25615-2008,Labor/Employment Law
25678-2012,Labor/Employment Law
25751-2009,Criminal Law
25757-2007,Labor/Employment Law
25855-2003,Labor/Employment Law
25859-2004,Tax/Corporate Law
259-1962,Civil Law
2598-2017,Labor/Employment Law
25986-2012,Criminal Law
26020-2004,Labor/Employment Law
26061-2008,Civil Law
26077-2015,Labor/Employment Law
26092-2016,Labor/Employment Law
26115-2004,Labor/Employment Law
26246-2006,Tax/Corporate Law
26287-2005,Labor/Employment Law
263-1967,Civil Law
2630-2017,Labor/Employment Law
26302-2010,Civil Law
26325-2012,Criminal Law
26341-2010,Labor/Employment Law
26364-2010,Labor/Employment Law
264-1967,Civil Law
26484-2017,Labor/Employment Law
2654-2008,Labor/Employment Law
2656-2017,Labor/Employment Law
2657-2011,Civil Law
26572-2003,Labor/Employment Law
26604-2006,Labor/Employment Law
26610-2016,Constitutional Law
26626-2017,Labor/Employment Law
26667-2009,Criminal Law
2675-2018,Labor/Employment Law
26752-2019,Criminal Law
26773-2003,Labor/Employment Law
268-1962,Criminal Law
26848-2015,Labor/Employment Law
26852-2006,Labor/Employment Law
26877-2004,Labor/Employment Law
26920-2005,Labor/Employment Law
2694-2005,Labor/Employment Law
26945-2003,Labor/Employment Law
2695-1997,Administrative/Service Law
26973-2022,Labor/Employment Law
27-1956,Constitutional Law
27012-2012,Labor/Employment Law
27036-2004,Criminal Law
27087-2005,Criminal Law
27093-2007,Labor/Employment Law
27117-2004,Constitutional Law
27183-2008,Constitutional Law
272-1965,Civil Law
2722-2007,Labor/Employment Law
2729-2009,Labor/Employment Law
27302-2003,Criminal Law
2734-2013,Criminal Law
27348-2019,Civil Law
274-1963,Constitutional Law
27403-2019,Labor/Employment Law
27450-2009,Labor/Employment Law
2746-1999,Civil Law
27501-2010,Tax/Corporate Law
27536-2015,Labor/Employment Law
27540-2006,Constitutional Law
27546-2011,Labor/Employment Law
2762-2008,Labor/Employment Law
27666-2019,Labor/Employment Law
27756-2017,Labor/Employment Law
27787-2006,Labor/Employment Law
27790-2019,Constitutional Law
27910-2004,Criminal Law
27918-2007,Criminal Law
27972-2014,Administrative/Service Law
28050-2007,Labor/Employment Law
28083-2019,Constitutional Law
281-1967,Civil Law
2813-1998,Labor/Employment Law
2816-2016,Labor/Employment Law
28179-2013,Labor/Employment Law
28214-2008,Constitutional Law
28254-2021,Constitutional Law
28280-2009,Labor/Employment Law
2832-2009,Labor/Employment Law
28385-2008,Criminal Law
28435-2006,Labor/Employment Law
28476-2018,Administrative/Service Law
2850-1999,Labor/Employment Law
28562-2007,Labor/Employment Law
28595-2013,Criminal Law
28711-2008,Labor/Employment Law
2872-2005,Labor/Employment Law
28757-2008,Labor/Employment Law
2878-2001,Constitutional Law
28821-2005,Labor/Employment Law
28850-2007,Labor/Employment Law
28870-2006,Labor/Employment Law
2889-2012,Labor/Employment Law
28894-2011,Criminal Law
28915-2005,Constitutional Law
28974-2005,Labor/Employment Law
2900-1999,Criminal Law
29071-2017,Criminal Law
29076-2020,Labor/Employment Law
29086-2019,Labor/Employment Law
29117-2017,Labor/Employment Law
29288-2007,Labor/Employment Law
29420-2007,Criminal Law
29451-2006,Labor/Employment Law
29469-2016,Labor/Employment Law
29519-2007,Administrative/Service Law
29529-2023,Labor/Employment Law
2954-2008,Criminal Law
29540-2019,Constitutional Law
29613-2009,Labor/Employment Law
29658-2011,Labor/Employment Law
29771-2007,Constitutional Law
29816-2008,Labor/Employment Law
2989-2007,Tax/Corporate Law
29907-2007,Criminal Law
29916-2009,Labor/Employment Law
2997-1995,Labor/Employment Law
3005-2011,Labor/Employment Law
30050-2007,Constitutional Law
3009-2001,Administrative/Service Law
30149-2016,Labor/Employment Law
30242-2013,Constitutional Law
303-1965,Labor/Employment Law
30338-2018,Labor/Employment Law
30402-2018,Labor/Employment Law
30420-2006,Labor/Employment Law
30462-2013,Criminal Law
3051-2005,Criminal Law
30633-2006,Criminal Law
30798-2019,Labor/Employment Law
30812-2008,Labor/Employment Law
30838-2006,Labor/Employment Law
30901-2021,Labor/Employment Law
3093-2004,Tax/Corporate Law
30938-2006,Labor/Employment Law
30946-2007,Criminal Law
30983-2012,Labor/Employment Law
310-1963,Civil Law
31008-2022,Labor/Employment Law
31050-2007,Criminal Law
31052-2017,Criminal Law
31061-2007,Tax/Corporate Law
31115-2010,Labor/Employment Law
31128-2014,Criminal Law
3121-2011,Criminal Law
314-1967,Constitutional Law
31402-2010,Labor/Employment Law
315-1963,Constitutional Law
31597-2015,Labor/Employment Law
31640-2021,Labor/Employment Law
3179-2009,Criminal Law
3186-2013,Civil Law
31881-2018,Criminal Law
31970-2006,Civil Law
31975-2008,Labor/Employment Law
32006-2017,Labor/Employment Law
321-1963,Constitutional Law
32126-2007,Labor/Employment Law
32256-2007,Criminal Law
32257-2021,Labor/Employment Law
323-1963,Civil Law
32341-2010,Criminal Law
32351-2014,Labor/Employment Law
32374-2010,Criminal Law
32391-2008,Labor/Employment Law
32426-2010,Criminal Law
32452-2016,Labor/Employment Law
32469-2007,Labor/Employment Law
326-1967,Constitutional Law
32705-2013,Constitutional Law
3271-2017,Constitutional Law
32766-2009,Constitutional Law
3283-2012,Labor/Employment Law
329-2005,Labor/Employment Law
32920-2008,Constitutional Law
32924-2009,Labor/Employment Law
32943-2007,Labor/Employment Law
32991-2009,Constitutional Law
33020-2010,Civil Law
33047-2019,Labor/Employment Law
3307-2003,Constitutional Law
3313-2008,Criminal Law
33189-2012,Labor/Employment Law
33244-2015,Labor/Employment Law
33284-2019,Labor/Employment Law
33286-2022,Labor/Employment Law
33329-2009,Criminal Law
33472-2008,Constitutional Law
3351-1990,Constitutional Law
33517-2016,Labor/Employment Law
33542-2012,Labor/Employment Law
33766-2007,Criminal Law
33870-2013,Tax/Corporate Law
33908-2011,Labor/Employment Law
33931-2012,Labor/Employment Law
33942-2008,Labor/Employment Law
34-1952,Constitutional Law
34027-2012,Criminal Law
34076-2017,Labor/Employment Law
34086-2015,Labor/Employment Law
3414-2007,Criminal Law
34172-2006,Criminal Law
34246-2010,Labor/Employment Law
34262-2008,Labor/Employment Law
34279-2011,Labor/Employment Law
3429-1996,Labor/Employment Law
34326-2017,Civil Law
3433-2015,Labor/Employment Law
34336-2012,Labor/Employment Law
34415-2008,Criminal Law
34432-2008,Labor/Employment Law
34446-2016,Labor/Employment Law
34545-2010,Labor/Employment Law
34549-2009,Constitutional Law
34593-2015,Labor/Employment Law
34629-2011,Labor/Employment Law
34680-2007,Criminal Law
3484-1997,Tax/Corporate Law
34973-2010,Constitutional Law
34994-2018,Labor/Employment Law
35006-2015,Labor/Employment Law
35066-2007,Civil Law
35157-2019,Tax/Corporate Law
35210-2007,Civil Law
35240-2007,Criminal Law
35274-2011,Labor/Employment Law
35477-2012,Criminal Law
35507-2009,Civil Law
35690-2018,Criminal Law
35749-2011,Labor/Employment Law
3582-1997,Criminal Law
35827-2013,Criminal Law
35846-2017,Labor/Employment Law
35895-2012,Constitutional Law
35949-2018,Constitutional Law
36-1951,Civil Law
36-1961,Civil Law
36050-2011,Criminal Law
36066-2008,Criminal Law
36102-2017,Constitutional Law
36170-2011,Criminal Law
36241-2016,Labor/Employment Law
36521-2008,Civil Law
36537-2018,Criminal Law
36547-2016,Labor/Employment Law
36582-2008,Constitutional Law
36664-2012,Labor/Employment Law
36674-2011,Constitutional Law
36689-2019,Labor/Employment Law
36832-2011,Labor/Employment Law
36868-2008,Constitutional Law
3690-2007,Civil Law
3698-2016,Constitutional Law
37160-2017,Criminal Law
37209-2014,Labor/Employment Law
37260-2009,Criminal Law
37281-2013,Criminal Law
37568-2011,Labor/Employment Law
37681-2007,Criminal Law
37908-2018,Labor/Employment Law
37973-2011,Labor/Employment Law
37982-2019,Constitutional Law
38-1952,Civil Law
3800-2022,Criminal Law
38065-2016,Labor/Employment Law
38207-2011,Criminal Law
3824-1999,Labor/Employment Law
38260-2012,Criminal Law
38314-2011,Civil Law
38326-2019,Labor/Employment Law
38506-2009,Criminal Law
38551-2014,Administrative/Service Law
3858-2003,Civil Law
3877-2006,Criminal Law
38895-2010,Labor/Employment Law
38914-2013,Labor/Employment Law
3905-1997,Civil Law
39071-2017,Tax/Corporate Law
3929-2001,Labor/Employment Law
393-1967,Tax/Corporate Law
39319-2018,Criminal Law
39337-2012,Labor/Employment Law
3936-2005,Labor/Employment Law
3939-2008,Constitutional Law
39403-2014,Criminal Law
39502-2010,Labor/Employment Law
3960-2000,Tax/Corporate Law
39641-2012,Constitutional Law
39650-2012,Labor/Employment Law
39715-2018,Labor/Employment Law
39851-2014,Labor/Employment Law
39949-2017,Labor/Employment Law
40055-2016,Labor/Employment Law
4021-2016,Labor/Employment Law
40220-2014,Criminal Law
40273-2010,Administrative/Service Law
40393-2013,Labor/Employment Law
40442-2017,Labor/Employment Law
40618-2019,Criminal Law
40804-2015,Labor/Employment Law
40926-2016,Labor/Employment Law
4093-2004,Criminal Law
41-1962,Constitutional Law
4100-2012,Labor/Employment Law
41044-2011,Civil Law
41155-2016,Labor/Employment Law
412-1967,Tax/Corporate Law
41254-2013,Criminal Law
4147-2005,Administrative/Service Law
41719-2019,Labor/Employment Law
41735-2022,Labor/Employment Law
41840-2018,Labor/Employment Law
4222-2003,Criminal Law
4225-2015,Labor/Employment Law
4234-2011,Labor/Employment Law
42395-2019,Criminal Law
4241-2017,Labor/Employment Law
42451-2018,Labor/Employment Law
42522-2019,Constitutional Law
42654-2014,Criminal Law
4266-2017,Labor/Employment Law
42673-2014,Labor/Employment Law
4278-2008,Labor/Employment Law
428-2015,Labor/Employment Law
42857-2016,Criminal Law
43002-2019,Criminal Law
43003-2019,Labor/Employment Law
4324-1999,Civil Law
4339-2014,Criminal Law
4347-1995,Constitutional Law
439-1997,Labor/Employment Law
439-2015,Constitutional Law
4394-2003,Constitutional Law
4405-2015,Labor/Employment Law
44429-2019,Labor/Employment Law
44473-2019,Constitutional Law
4464-1998,Labor/Employment Law
44646-2018,Civil Law
4471-2011,Labor/Employment Law
44817-2019,Labor/Employment Law
44896-2023,Constitutional Law
462-2007,Tax/Corporate Law
4677-2003,Labor/Employment Law
4688-2015,Labor/Employment Law
4741-1999,Civil Law
47520-2018,Criminal Law
4753-1994,Labor/Employment Law
4764-2000,Constitutional Law
4818-2010,Constitutional Law
49-1952,Tax/Corporate Law
4908-2007,Labor/Employment Law
496-2005,Labor/Employment Law
4965-1998,Constitutional Law
4970-1995,Administrative/Service Law
4999-2000,Labor/Employment Law
5022-2012,Criminal Law
5024-2000,Constitutional Law
5061-2005,Tax/Corporate Law
5061-2017,Criminal Law
50878-2023,Labor/Employment Law
5096-2021,Labor/Employment Law
5098-2004,Tax/Corporate Law
51-1950,Constitutional Law
5134-2000,Labor/Employment Law
515-2011,Criminal Law
5151-2004,Labor/Employment Law
5155-1999,Labor/Employment Law
516-2008,Labor/Employment Law
5161-2003,Criminal Law
5172-2017,Labor/Employment Law
5192-2003,Criminal Law
5204-2007,Labor/Employment Law
521-2005,Civil Law
5241-2018,Administrative/Service Law
5259-2012,Labor/Employment Law
5287-1999,Labor/Employment Law
53-1965,Constitutional Law
5308-2000,Labor/Employment Law
534-2003,Labor/Employment Law
5362-2009,Criminal Law
5414-2007,Tax/Corporate Law
5434-1994,Criminal Law
5511-2002,Labor/Employment Law
5516-2016,Labor/Employment Law
5518-2011,Labor/Employment Law
5556-2003,Constitutional Law
5560-1995,Constitutional Law
5653-1999,Civil Law
569-2017,Criminal Law
5694-2000,Constitutional Law
5696-2003,Criminal Law
5701-2000,Constitutional Law
5703-2012,Labor/Employment Law
5722-1997,Labor/Employment Law
5732-2011,Labor/Employment Law
5753-2013,Tax/Corporate Law
5759-2011,Criminal Law
5765-2021,Administrative/Service Law
5783-2006,Labor/Employment Law
58-1950,Criminal Law
5828-2019,Labor/Employment Law
5863-2016,Labor/Employment Law
5890-2001,Labor/Employment Law
5895-2002,Administrative/Service Law
5908-2021,Labor/Employment Law
592-2004,Constitutional Law
5924-2000,Labor/Employment Law
5937-2017,Labor/Employment Law
5938-2013,Criminal Law
6-1951,Tax/Corporate Law
60018-1966,Labor/Employment Law
60019-1969,Criminal Law
60024-1968,Tax/Corporate Law
60037-1968,Constitutional Law
60040-1957,Civil Law
60041-1970,Constitutional Law
60044-1969,Tax/Corporate Law
60047-1957,Civil Law
60048-1966,Criminal Law
60052-1970,Constitutional Law
60055-1966,Administrative/Service Law
60060-1968,Tax/Corporate Law
60062-1969,Labor/Employment Law
60067-1966,Constitutional Law
60068-1957,Civil Law
60068-1970,Constitutional Law
60072-1966,Constitutional Law
60074-1968,Tax/Corporate Law
60076-1969,Labor/Employment Law
60076-1970,Labor/Employment Law
60076-1971,Constitutional Law
60077-1968,Criminal Law
60078-1968,Criminal Law
60078-1971,Civil Law
60080-1970,Labor/Employment Law
60084-1966,Tax/Corporate Law
60088-1970,Civil Law
60090-1957,Criminal Law
60092-1971,Labor/Employment Law
60093-1970,Labor/Employment Law
60095-1966,Constitutional Law
60096-1971,Criminal Law
60098-1957,Tax/Corporate Law
60101-1970,Labor/Employment Law
60107-2001,Tax/Corporate Law
60113-1971,Tax/Corporate Law
60122-1968,Labor/Employment Law
60126-1968,Criminal Law
60127-1968,Tax/Corporate Law
60129-1971,Tax/Corporate Law
60132-1957,Constitutional Law
60133-1957,Constitutional Law
60134-1972,Administrative/Service Law
60136-1957,Labor/Employment Law
60142-1968,Labor/Employment Law
60146-1966,Tax/Corporate Law
60150-1957,Criminal Law
60150-1973,Constitutional Law
60152-1968,Labor/Employment Law
60153-1970,Civil Law
60156-1957,Criminal Law
60158-1968,Constitutional Law
60163-1973,Civil Law
60165-1970,Criminal Law
60178-1957,Constitutional Law
60185-1957,Civil Law
60187-1966,Tax/Corporate Law
60190-1973,Civil Law
60191-1972,Tax/Corporate Law
60195-1970,Civil Law
60197-1968,Constitutional Law
60202-1971,Criminal Law
60203-1968,Constitutional Law
60203-1970,Criminal Law
60205-1969,Criminal Law
60210-1968,Tax/Corporate Law
60211-1969,Labor/Employment Law
60212-1971,Administrative/Service Law
60214-1966,Civil Law
60215-1966,Labor/Employment Law
60215-2005,Constitutional Law
60217-1971,Administrative/Service Law
60218-1973,Criminal Law
60221-1969,Constitutional Law
60223-1969,Constitutional Law
60224-1971,Constitutional Law
60225-2001,Labor/Employment Law
60229-2001,Criminal Law
60231-1973,Criminal Law
60242-1974,Tax/Corporate Law
60243-2001,Constitutional Law
60253-2000,Labor/Employment Law
60254-2000,Labor/Employment Law
60258-1970,Constitutional Law
60259-1966,Criminal Law
60260-1968,Civil Law
60260-1973,Constitutional Law
60262-1966,Tax/Corporate Law
60265-1973,Constitutional Law
60272-1968,Civil Law
60272-1969,Criminal Law
60275-1972,Criminal Law
60275-1999,Criminal Law
60276-1970,Labor/Employment Law
60277-1970,Labor/Employment Law
60277-1973,Constitutional Law
60278-1973,Criminal Law
60278-2006,Constitutional Law
60281-1966,Civil Law
60281-1971,Constitutional Law
60282-1971,Civil Law
60291-1966,Labor/Employment Law
60294-1971,Labor/Employment Law
60295-1968,Tax/Corporate Law
60295-1971,Civil Law
60296-1972,Tax/Corporate Law
60298-1968,Labor/Employment Law
60303-1973,Constitutional Law
60307-2010,Labor/Employment Law
60308-1970,Tax/Corporate Law
60313-1966,Tax/Corporate Law
60315-1968,Civil Law
60327-1971,Civil Law
60336-1974,Labor/Employment Law
60338-1969,Civil Law
60340-1969,Criminal Law
60341-1969,Labor/Employment Law
60342-1974,Constitutional Law
60346-1972,Criminal Law
60346-1973,Constitutional Law
60347-1969,Labor/Employment Law
60347-1971,Constitutional Law
60349-1966,Civil Law
60351-1973,Constitutional Law
60353-1975,Constitutional Law
60356-1972,Criminal Law
60364-1969,Civil Law
60365-1968,Tax/Corporate Law
60365-1972,Tax/Corporate Law
60365-2012,Criminal Law
60369-1966,Civil Law
60374-1966,Civil Law
60376-1972,Constitutional Law
60378-1968,Tax/Corporate Law
60380-1970,Tax/Corporate Law
60384-1974,Constitutional Law
60386-1973,Administrative/Service Law
60387-1969,Labor/Employment Law
60388-1966,Constitutional Law
60388-1968,Tax/Corporate Law
60389-1968,Tax/Corporate Law
60390-1973,Tax/Corporate Law
60392-1971,Tax/Corporate Law
60393-1968,Constitutional Law
60393-1969,Constitutional Law
60395-1966,Labor/Employment Law
60395-1968,Tax/Corporate Law
60395-1975,Civil Law
60396-1968,Labor/Employment Law
60401-1966,Constitutional Law
60402-1974,Tax/Corporate Law
60407-1973,Tax/Corporate Law
60420-1972,Labor/Employment Law
60451-1976,Civil Law
60454-1966,Tax/Corporate Law
6046-1995,Civil Law
60469-1968,Criminal Law
60471-1968,Constitutional Law
60472-1975,Civil Law
60480-1975,Constitutional Law
60484-1966,Civil Law
60486-1972,Criminal Law
60486-1975,Criminal Law
60501-1966,Constitutional Law
60505-1966,Labor/Employment Law
60510-1975,Civil Law
60513-1966,Labor/Employment Law
60517-1966,Tax/Corporate Law
60520-1966,Constitutional Law
60532-1975,Tax/Corporate Law
60534-1975,Civil Law
60551-1975,Constitutional Law
60572-1999,Labor/Employment Law
60577-1975,Criminal Law
60585-1975,Tax/Corporate Law
60593-1975,Labor/Employment Law
60604-2003,Criminal Law
60610-1975,Criminal Law
60622-1975,Constitutional Law
60630-1979,Administrative/Service Law
60638-1975,Civil Law
60641-1998,Criminal Law
60648-2004,Criminal Law
60649-2005,Labor/Employment Law
60810-1976,Constitutional Law
60821-1976,Labor/Employment Law
60826-1976,Constitutional Law
60888-1976,Constitutional Law
60916-1976,Civil Law
60922-1976,Constitutional Law
60929-1976,Constitutional Law
60951-1976,Criminal Law
60966-1997,Labor/Employment Law
60977-1976,Civil Law
61004-1976,Administrative/Service Law
61037-1976,Labor/Employment Law
6116-2013,Labor/Employment Law
612-2005,Labor/Employment Law
61220-1987,Labor/Employment Law
6146-2008,Administrative/Service Law
6149-2001,Labor/Employment Law
6158-2014,Constitutional Law
61626-1977,Constitutional Law
61655-1977,Administrative/Service Law
61683-1977,Constitutional Law
61732-1977,Constitutional Law
61749-1977,Tax/Corporate Law
61771-1977,Civil Law
61771-1997,Labor/Employment Law
61809-1977,Civil Law
61834-1977,Constitutional Law
6184-2002,Administrative/Service Law
61846-1997,Constitutional Law
62052-1997,Labor/Employment Law
62076-1997,Civil Law
62088-1997,Constitutional Law
62107-1997,Constitutional Law
62247-1991,Labor/Employment Law
62412-1990,Constitutional Law
6243-1995,Labor/Employment Law
6251-2016,Administrative/Service Law
6254-2003,Civil Law
62621-1979,Labor/Employment Law
62659-1979,Administrative/Service Law
62677-1979,Constitutional Law
62685-1979,Constitutional Law
62721-1979,Civil Law
62732-1979,Constitutional Law
6274-2012,Labor/Employment Law
62756-1979,Tax/Corporate Law
6277-2008,Labor/Employment Law
62774-1979,Labor/Employment Law
6278-2019,Administrative/Service Law
62803-1979,Civil Law
62837-1993,Criminal Law
62867-1979,Labor/Employment Law
62874-1979,Labor/Employment Law
62887-1979,Criminal Law
6298-1998,Civil Law
63-1950,Civil Law
63031-1995,Criminal Law
63038-1982,Criminal Law
63044-1980,Constitutional Law
63080-1981,Labor/Employment Law
63088-2007,Labor/Employment Law
63120-1981,Criminal Law
63122-2007,Labor/Employment Law
63126-2007,Labor/Employment Law
63137-2002,Tax/Corporate Law
63137-2007,Labor/Employment Law
63139-2002,Criminal Law
63139-2007,Criminal Law
63184-1980,Civil Law
63186-1995,Civil Law
63220-1980,Constitutional Law
63221-1980,Labor/Employment Law
63225-1980,Labor/Employment Law
63236-1980,Labor/Employment Law
63243-1980,Civil Law
63269-1980,Administrative/Service Law
63297-1980,Criminal Law
63303-2002,Labor/Employment Law
63314-1995,Tax/Corporate Law
63315-1980,Civil Law
63345-2002,Criminal Law
63369-1980,Labor/Employment Law
63378-1980,Constitutional Law
63380-1980,Civil Law
63395-1982,Constitutional Law
63396-1980,Civil Law
63426-1984,Labor/Employment Law
63433-1980,Constitutional Law
63520-2002,Criminal Law
6354-1995,Civil Law
63573-2002,Criminal Law
6362-1997,Criminal Law
63646-1981,Constitutional Law
63672-2002,Constitutional Law
63680-1981,Constitutional Law
63734-1981,Tax/Corporate Law
63743-1981,Labor/Employment Law
63748-1982,Administrative/Service Law
63772-1982,Constitutional Law
63783-1981,Civil Law
63784-1981,Labor/Employment Law
63797-1981,Tax/Corporate Law
63798-1982,Administrative/Service Law
63809-1981,Labor/Employment Law
63820-1982,Constitutional Law
63848-1982,Constitutional Law
63864-1982,Labor/Employment Law
63874-1982,Criminal Law
63877-1982,Criminal Law
63905-1982,Labor/Employment Law
63913-1982,Constitutional Law
63922-2002,Criminal Law
6394-2007,Labor/Employment Law
63997-1985,Constitutional Law
64010-2002,Labor/Employment Law
64133-2008,Criminal Law
64180-1995,Tax/Corporate Law
64183-2008,Criminal Law
64187-1995,Tax/Corporate Law
64199-2008,Criminal Law
64201-2008,Constitutional Law
64212-2008,Labor/Employment Law
64218-2008,Criminal Law
6430-2004,Labor/Employment Law
64324-1992,Criminal Law
64608-1983,Constitutional Law
64932-1983,Civil Law
64945-1983,Constitutional Law
6503-2012,Labor/Employment Law
65050-1993,Constitutional Law
65105-1984,Civil Law
65119-1984,Labor/Employment Law
6524-2001,Criminal Law
65449-1983,Tax/Corporate Law
65689-1983,Labor/Employment Law
65711-1983,Labor/Employment Law
65824-1983,Labor/Employment Law
65858-1983,Civil Law
6587-2013,Labor/Employment Law
65954-1983,Criminal Law
65958-1983,Constitutional Law
65962-1983,Criminal Law
65962-1985,Labor/Employment Law
65970-1983,Constitutional Law
65991-1983,Constitutional Law
66033-1983,Tax/Corporate Law
66035-1984,Tax/Corporate Law
66046-1983,Constitutional Law
66101-1983,Civil Law
66110-1983,Constitutional Law
66121-1983,Civil Law
66127-1983,Criminal Law
66137-1983,Civil Law
66148-1983,Constitutional Law
6616-1999,Labor/Employment Law
66166-1983,Labor/Employment Law
66171-1983,Constitutional Law
6659-2000,Labor/Employment Law
6668-2015,Constitutional Law
6677-2006,Criminal Law
6678-1995,Labor/Employment Law
66923-1985,Labor/Employment Law
6693-2001,Criminal Law
66983-1985,Constitutional Law
66985-1985,Labor/Employment Law
67046-1985,Tax/Corporate Law
67067-1985,Labor/Employment Law
67072-1996,Labor/Employment Law
67074-1985,Criminal Law
6708-2012,Criminal Law
67093-1985,Labor/Employment Law
6711-1998,Labor/Employment Law
67126-1985,Labor/Employment Law
67296-1986,Civil Law
67411-1986,Constitutional Law
6748-2005,Labor/Employment Law
6749-2007,Criminal Law
67564-1996,Administrative/Service Law
6776-2005,Tax/Corporate Law
6785-2014,Labor/Employment Law
6789-2022,Tax/Corporate Law
6791-2000,Constitutional Law
6792-2003,Labor/Employment Law
68020-1988,Labor/Employment Law
68148-1987,Civil Law
68169-1987,Administrative/Service Law
68223-1988,Labor/Employment Law
68232-1988,Civil Law
68283-1986,Criminal Law
68286-1988,Criminal Law
68295-1984,Labor/Employment Law
68343-1984,Constitutional Law
68359-1984,Criminal Law
68367-1984,Criminal Law
68372-1987,Labor/Employment Law
6839-2006,Criminal Law
68432-1984,Administrative/Service Law
68433-1984,Tax/Corporate Law
68466-1984,Labor/Employment Law
68495-1984,Tax/Corporate Law
68503-1984,Civil Law
68956-1987,Labor/Employment Law
6899-2011,Criminal Law
69-1962,Tax/Corporate Law
69060-1988,Criminal Law
69586-1987,Labor/Employment Law
69681-1986,Criminal Law
69697-1986,Administrative/Service Law
69721-1986,Criminal Law
69722-1986,Civil Law
69744-1986,Labor/Employment Law
69768-1986,Labor/Employment Law
69859-1986,Labor/Employment Law
69873-1986,Civil Law
69876-1986,Civil Law
69881-1986,Administrative/Service Law
69884-1986,Tax/Corporate Law
69885-1986,Civil Law
69948-1986,Criminal Law
69991-1986,Constitutional Law
69992-1986,Labor/Employment Law
7009-2008,Constitutional Law
7011-2000,Labor/Employment Law
70229-1989,Labor/Employment Law
7024-2014,Labor/Employment Law
70312-1996,Civil Law
70434-1987,Labor/Employment Law
70496-1996,Labor/Employment Law
70712-1988,Constitutional Law
70731-1988,Criminal Law
70745-1988,Constitutional Law
70761-1988,Tax/Corporate Law
70783-1988,Constitutional Law
70786-1988,Civil Law
70809-1988,Labor/Employment Law
70822-1988,Constitutional Law
70830-1988,Tax/Corporate Law
70832-1988,Civil Law
70846-1988,Criminal Law
70855-1988,Labor/Employment Law
70863-1988,Tax/Corporate Law
70869-1988,Civil Law
70871-1988,Labor/Employment Law
70925-2009,Labor/Employment Law
70932-1988,Labor/Employment Law
71-1952,Constitutional Law
71024-1987,Labor/Employment Law
71069-1987,Administrative/Service Law
71077-1990,Constitutional Law
71084-1987,Criminal Law
71108-1987,Tax/Corporate Law
71130-1987,Criminal Law
71148-1987,Criminal Law
7120-2014,Labor/Employment Law
71229-1987,Constitutional Law
71238-1987,Constitutional Law
7128-2007,Labor/Employment Law
71396-1989,Constitutional Law
7156-2007,Labor/Employment Law
7163-2003,Labor/Employment Law
7190-2009,Criminal Law
72067-1994,Labor/Employment Law
72237-1994,Administrative/Service Law
72244-1990,Tax/Corporate Law
72304-1989,Tax/Corporate Law
7237-2005,Labor/Employment Law
72384-1994,Tax/Corporate Law
7241-2001,Tax/Corporate Law
72430-1989,Civil Law
7244-1998,Criminal Law
72472-1989,Labor/Employment Law
72526-1989,Tax/Corporate Law
72574-1989,Tax/Corporate Law
72581-1989,Criminal Law
72600-1989,Civil Law
72606-1989,Constitutional Law
72611-1989,Labor/Employment Law
72622-1989,Civil Law
72669-1994,Labor/Employment Law
7285-2011,Labor/Employment Law
73270-1996,Labor/Employment Law
7339-2006,Labor/Employment Law
73885-1990,Administrative/Service Law
7389-1994,Constitutional Law
73987-1991,Labor/Employment Law
74-1951,Criminal Law
74002-1991,Tax/Corporate Law
7415-2023,Labor/Employment Law
7423-1994,Labor/Employment Law
7426-2009,Labor/Employment Law
7429-2013,Labor/Employment Law
74358-1990,Administrative/Service Law
74389-1990,Administrative/Service Law
74465-1991,Labor/Employment Law
7453-2012,Administrative/Service Law
7471-2008,Labor/Employment Law
74904-1994,Administrative/Service Law
7494-2021,Labor/Employment Law
7531-1998,Labor/Employment Law
75526-1990,Labor/Employment Law
7553-2009,Civil Law
7559-2020,Labor/Employment Law
75619-1994,Criminal Law
75697-1994,Civil Law
7581-2001,Constitutional Law
7599-2007,Labor/Employment Law
76007-1994,Labor/Employment Law
7604-2019,Labor/Employment Law
76042-1994,Labor/Employment Law
76062-1996,Labor/Employment Law
76066-1996,Criminal Law
76077-1996,Labor/Employment Law
76078-1994,Labor/Employment Law
76125-1994,Administrative/Service Law
7616-2008,Civil Law
76202-1994,Labor/Employment Law
7644-2003,Labor/Employment Law
76477-1996,Criminal Law
76579-1996,Labor/Employment Law
7663-2015,Constitutional Law
76652-1996,Tax/Corporate Law
76745-1991,Labor/Employment Law
76879-1991,Constitutional Law
77004-1990,Administrative/Service Law
77020-1990,Labor/Employment Law
77042-1990,Constitutional Law
7706-2002,Constitutional Law
7707-2014,Constitutional Law
77077-1990,Labor/Employment Law
7708-2019,Labor/Employment Law
77080-1990,Labor/Employment Law
7709-1999,Tax/Corporate Law
77111-1996,Constitutional Law
77117-1990,Constitutional Law
77123-1990,Tax/Corporate Law
77134-1990,Administrative/Service Law
77153-1990,Labor/Employment Law
77262-1996,Labor/Employment Law
77341-1996,Constitutional Law
77426-1996,Labor/Employment Law
7746-2011,Criminal Law
77564-1994,Administrative/Service Law
77567-1996,Criminal Law
77592-1994,Civil Law
77595-1994,Criminal Law
77635-1994,Labor/Employment Law
7772-2009,Labor/Employment Law
77742-1996,Labor/Employment Law
78109-1996,Labor/Employment Law
7814-2022,Labor/Employment Law
7819-2022,Labor/Employment Law
78201-1991,Labor/Employment Law
78239-1991,Labor/Employment Law
7824-1999,Criminal Law
7831-2010,Labor/Employment Law
78331-1996,Constitutional Law
78390-1991,Labor/Employment Law
78447-1991,Labor/Employment Law
78501-1996,Civil Law
78525-1996,Administrative/Service Law
78592-1991,Criminal Law
78615-1992,Constitutional Law
78678-1991,Tax/Corporate Law
78707-1996,Labor/Employment Law
78821-1996,Constitutional Law
7889-2001,Criminal Law
79017-1996,Constitutional Law
79025-1996,Tax/Corporate Law
79033-1996,Labor/Employment Law
79144-1996,Labor/Employment Law
7955-2006,Administrative/Service Law
79587-1991,Constitutional Law
79637-1991,Labor/Employment Law
79718-1992,Labor/Employment Law
79757-1996,Labor/Employment Law
80046-1992,Criminal Law
8009-1999,Constitutional Law
80284-1991,Labor/Employment Law
80311-1991,Constitutional Law
80384-1991,Constitutional Law
80391-1991,Civil Law
8056-2014,Labor/Employment Law
80601-1996,Criminal Law
8064-2009,Labor/Employment Law
8137-2009,Constitutional Law
81570-1992,Administrative/Service Law
818-1996,Criminal Law
82020-1993,Criminal Law
82034-1993,Criminal Law
8212-2006,Criminal Law
82203-1993,Constitutional Law
82289-1993,Labor/Employment Law
82367-1993,Labor/Employment Law
8247-2003,Labor/Employment Law
827-2017,Labor/Employment Law
83-1955,Labor/Employment Law
831-2003,Labor/Employment Law
8339-2011,Labor/Employment Law
8340-1998,Criminal Law
8347-2001,Labor/Employment Law
8347-2012,Labor/Employment Law
8366-2008,Labor/Employment Law
8374-2008,Labor/Employment Law
8381-2001,Constitutional Law
84-1955,Labor/Employment Law
8429-2001,Labor/Employment Law
8453-1995,Labor/Employment Law
84586-1992,Constitutional Law
84665-1992,Labor/Employment Law
85-1965,Constitutional Law
85498-1992,Criminal Law
85773-1992,Administrative/Service Law
86-1958,Constitutional Law
8610-2009,Labor/Employment Law
8651-2006,Labor/Employment Law
8654-2004,Labor/Employment Law
8658-2012,Labor/Employment Law
86790-1992,Labor/Employment Law
86857-1992,Labor/Employment Law
8706-1998,Criminal Law
8709-2000,Criminal Law
87167-1992,Constitutional Law
87186-1992,Labor/Employment Law
87195-1992,Criminal Law
87208-1992,Constitutional Law
8733-1995,Civil Law
8743-2007,Labor/Employment Law
8751-1997,Labor/Employment Law
8761-2016,Labor/Employment Law
8776-1997,Labor/Employment Law
8797-1999,Labor/Employment Law
88-1962,Constitutional Law
8803-2018,Labor/Employment Law
8811-2004,Labor/Employment Law
8816-1999,Constitutional Law
8868-2002,Criminal Law
887-1998,Constitutional Law
887-2003,Constitutional Law
88984-1993,Labor/Employment Law
8905-2003,Constitutional Law
8918-1998,Labor/Employment Law
89232-1993,Labor/Employment Law
89334-1993,Labor/Employment Law
8936-2020,Administrative/Service Law
89435-1993,Labor/Employment Law
89444-1993,Labor/Employment Law
89524-1993,Labor/Employment Law
8964-2002,Criminal Law
8964-2005,Labor/Employment Law
9012-2014,Labor/Employment Law
90234-2006,Labor/Employment Law
90235-2006,Criminal Law
90250-1978,Constitutional Law
90252-1964,Labor/Employment Law
90253-1964,Criminal Law
90258-2006,Labor/Employment Law
90264-1978,Administrative/Service Law
90268-1978,Constitutional Law
90280-1954,Tax/Corporate Law
90282-2006,Criminal Law
90287-1954,Criminal Law
90289-1978,Constitutional Law
90303-1978,Labor/Employment Law
9031-2021,Constitutional Law
90325-1964,Tax/Corporate Law
90328-1954,Tax/Corporate Law
90345-1964,Tax/Corporate Law
90360-1964,Tax/Corporate Law
90361-1964,Labor/Employment Law
9037-2014,Labor/Employment Law
90370-1954,Labor/Employment Law
90382-1978,Labor/Employment Law
90383-1964,Constitutional Law
90391-1964,Tax/Corporate Law
90411-1978,Civil Law
90417-1964,Labor/Employment Law
90423-1964,Constitutional Law
90431-1964,Tax/Corporate Law
90431-1978,Civil Law
90466-1964,Constitutional Law
90484-1978,Civil Law
90495-1964,Labor/Employment Law
90513-1964,Criminal Law
90525-1964,Tax/Corporate Law
9087-2018,Constitutional Law
9099-2001,Constitutional Law
9117-2001,Tax/Corporate Law
9161-2011,Labor/Employment Law
9172-2004,Criminal Law
9195-2009,Labor/Employment Law
92-1963,Labor/Employment Law
9202-1997,Labor/Employment Law
9215-2006,Constitutional Law
9227-2022,Labor/Employment Law
9232-2001,Constitutional Law
9232-2003,Labor/Employment Law
9251-2006,Criminal Law
9274-2004,Constitutional Law
9302-2004,Criminal Law
9354-2007,Labor/Employment Law
9388-2009,Criminal Law
9389-2000,Criminal Law
9429-2008,Labor/Employment Law
9499-2012,Criminal Law
9570-1997,Constitutional Law
9615-1995,Labor/Employment Law
9620-2014,Constitutional Law
9639-1998,Labor/Employment Law
969-2008,Labor/Employment Law
9732-2009,Labor/Employment Law
9766-1995,Labor/Employment Law
9770-2003,Constitutional Law
9789-2000,Labor/Employment Law
98-1955,Constitutional Law
9833-2008,Labor/Employment Law
9845-2021,Criminal Law
9851-2000,Labor/Employment Law
9852-1997,Civil Law
99-1956,Labor/Employment Law
9906-2020,Labor/Employment Law
9911-2010,Labor/Employment Law
9921-2022,Labor/Employment Law
9981-2011,Constitutional Law
