diary_no,case_no,category_name
80384-1991,- 0,Constitutional Law
7011-2000,C.A. No.-002551-002551 - 2001,Civil Law
25859-2004,C.A. No.-000584-000584 - 2008,Civil Law
9232-2003,C.A. No.-004227-004227 - 2003,Civil Law
60150-1957,- 0,Administrative/Service Law
9215-2006,C.A. No.-002088-002088 - 2007,Civil Law
16036-2016,C.A. No.-006077-006077 - 2017,Civil Law
60254-2000,- 0,Civil Law
60390-1973,- 0,Administrative/Service Law
30901-2021,C.A. No.-007906 - 2021,Civil Law
-0,-,Criminal Law
11569-2000,C.A. No.-008274-008292 - 2001,Administrative/Service Law
34549-2009,CONMT.PET.(C) No.-000394-000394 - 2009,Civil Law
33472-2008,C.A. No.-005740-005741 - 2015,Civil Law
8797-1999,C.A. No.-002332-002332 - 2000,Civil Law
3271-2017,C.A. No.-022972-022972 - 2017,Constitutional Law
11902-1994,C.A. No.-005619-005619 - 1994,Administrative/Service Law
24173-2013,C.A. No.-003785-003785 - 2016,Civil Law
21978-2017,C.A. No.-007649-007649 - 2018,Civil Law
60810-1976,- 0,Tax/Corporate Law
60281-1966,- 0,Administrative/Service Law
16440-1999,Crl.A. No.-000175-000175 - 2000,Tax/Corporate Law
19844-2006,C.A. No.-003194-003194 - 2015,Tax/Corporate Law
61834-1977,- 0,Administrative/Service Law
9789-2000,SLP(C) No.-010729-010729 - 2000,Civil Law
22685-2003,Crl.A. No.-000868-000869 - 2004,Tax/Corporate Law
14426-2005,C.A. No.-005902-005909 - 2005,Civil Law
19101-2002,C.A. No.-000447-000447 - 2003,Constitutional Law
63395-1982,W.P.(C) No.-002135-002135 - 1982,Constitutional Law
22609-2002,Crl.A. No.-000294-000294 - 2003,Tax/Corporate Law
169-1963,- 0,Administrative/Service Law
13592-1994,C.A. No.-001878-001878 - 1997,Constitutional Law
60922-1976,- 0,Administrative/Service Law
65962-1985,W.P.(C) No.-011855-011855 - 1985,Constitutional Law
2630-2017,C.A. No.-018448-018448 - 2017,Constitutional Law
60158-1968,- 0,Administrative/Service Law
569-2017,Crl.A. No.-000454-000454 - 2017,Civil Law
247-1961,- 0,Tax/Corporate Law
12939-2005,C.A. No.-005823-005823 - 2006,Civil Law
89334-1993,C.A. No.-004118-004119 - 1996,Civil Law
60388-1966,- 0,Administrative/Service Law
23402-2015,C.A. No.-008527-008527 - 2016,Civil Law
78525-1996,C.A. No.-014774-014774 - 1996,Constitutional Law
16230-2008,C.A. No.-003873-003873 - 2010,Constitutional Law
30462-2013,Crl.A. No.-001039-001039 - 2014,Tax/Corporate Law
124-1955,- 0,Tax/Corporate Law
20204-1998,C.A. No.-002024-002024 - 1999,Civil Law
7426-2009,C.A. No.-006261-006261 - 2009,Civil Law
19462-2000,C.A. No.-001309-001309 - 2001,Civil Law
26061-2008,C.A. No.-006319-006319 - 2009,Civil Law
439-2015,W.P.(C) No.-000013-000013 - 2015,Constitutional Law
33942-2008,C.A. No.-004499-004501 - 2010,Civil Law
60365-1972,- 0,Administrative/Service Law
40393-2013,C.A. No.-013939-013939 - 2015,Civil Law
19441-2005,C.A. No.-007143-007143 - 2005,Administrative/Service Law
21847-2005,Crl.A. No.-000190-000190 - 2006,Tax/Corporate Law
303-1965,- 0,Tax/Corporate Law
60136-1957,- 0,Administrative/Service Law
62774-1979,- 0,Administrative/Service Law
74002-1991,C.A. No.-004914-004914 - 1991,Civil Law
38506-2009,Crl.A. No.-001270-001270 - 2010,Civil Law
60638-1975,- 0,Administrative/Service Law
4266-2017,C.A. No.-005252-005255 - 2018,Constitutional Law
16699-2021,C.A. No.-005111 - 2021,Civil Law
3093-2004,C.A. No.-001882-001882 - 2004,Civil Law
70786-1988,- 0,Administrative/Service Law
60150-1973,C.A. No.-001420-001420 - 1973,Administrative/Service Law
10084-1999,C.A. No.-000027-000027 - 2001,Constitutional Law
21645-2002,C.A. No.-000393-000393 - 2003,Civil Law
104-1967,- 0,Administrative/Service Law
9852-1997,C.A. No.-007653-007653 - 1997,Civil Law
63137-2002,C.A. No.-002377-002377 - 2002,Civil Law
9620-2014,C.A. No.-007364-007364 - 2014,Constitutional Law
2427-2006,C.A. No.-005321-005321 - 2007,Civil Law
2746-1999,C.A. No.-001510-001510 - 1999,Civil Law
11750-2000,Crl.A. No.-001087-001087 - 2000,Tax/Corporate Law
5098-2004,C.A. No.-001215-001215 - 2007,Civil Law
22876-2009,Crl.A. No.-001638-001638 - 2010,Civil Law
205-1967,- 0,Administrative/Service Law
247-1963,- 0,Administrative/Service Law
60551-1975,- 0,Administrative/Service Law
10056-2001,Crl.A. No.-001063-001063 - 2001,Tax/Corporate Law
24993-2010,C.A. No.-009195-009196 - 2010,Civil Law
1482-1953,- 0,Administrative/Service Law
65962-1983,- 0,Tax/Corporate Law
39403-2014,C.A. No.-004181-004182 - 2015,Civil Law
63236-1980,- 0,Administrative/Service Law
10540-2007,C.A. No.-007112-007112 - 2008,Civil Law
72067-1994,C.A. No.-002571-002571 - 1994,Civil Law
26092-2016,C.A. No.-009338-009338 - 2016,Civil Law
68223-1988,C.A. No.-000574-000574 - 1988,Civil Law
7616-2008,C.A. No.-001002-001002 - 2010,Civil Law
19004-2000,Crl.A. No.-000308-000308 - 2001,Tax/Corporate Law
18450-2003,C.A. No.-008121-008121 - 2004,Constitutional Law
62088-1997,- 0,Constitutional Law
28562-2007,Crl.A. No.-000733-000734 - 2009,Civil Law
60090-1957,- 0,Tax/Corporate Law
60501-1966,- 0,Administrative/Service Law
70229-1989,C.A. No.-001794-001794 - 1989,Constitutional Law
34446-2016,C.A. No.-020835-020836 - 2017,Civil Law
13638-2012,C.A. No.-005209-005209 - 2018,Civil Law
7581-2001,C.A. No.-000352-000353 - 2004,Civil Law
65105-1984,C.A. No.-002378-002378 - 1984,Civil Law
6251-2016,C.A. No.-005808-005808 - 2017,Civil Law
4405-2015,C.A. No.-001811-001812 - 2015,Civil Law
-0,-,Criminal Law
16933-2000,Crl.A. No.-000113-000113 - 2002,Tax/Corporate Law
21817-2015,W.P.(C) No.-000454-000454 - 2015,Constitutional Law
22013-2006,Crl.A. No.-001126-001126 - 2007,Tax/Corporate Law
24374-2005,Crl.A. No.-000702-000702 - 2006,Civil Law
9012-2014,C.A. No.-003611-003611 - 2015,Civil Law
20025-2016,CONMT.PET.(C) No.-020025-020025 - 2016,Constitutional Law
21865-2006,Crl.A. No.-000480-000480 - 2008,Tax/Corporate Law
161-1958,- 0,Administrative/Service Law
60888-1976,- 0,Administrative/Service Law
12336-2008,Crl.A. No.-000864-000864 - 2009,Civil Law
1884-2003,Crl.A. No.-000307-000307 - 2003,Tax/Corporate Law
68148-1987,C.A. No.-014987-014987 - 1996,Administrative/Service Law
22008-2010,C.A. No.-003105-003106 - 2015,Civil Law
5259-2012,C.A. No.-006718-006718 - 2013,Civil Law
2878-2001,C.A. No.-002408-002408 - 2001,Civil Law
60074-1968,- 0,Administrative/Service Law
69586-1987,C.A. No.-001790-001790 - 1992,Administrative/Service Law
35157-2019,C.A. No.-007940 - 2019,Civil Law
5560-1995,C.A. No.-009723-009723 - 1995,Administrative/Service Law
17570-2002,Crl.A. No.-000581-000581 - 2003,Tax/Corporate Law
66033-1983,- 0,Constitutional Law
32766-2009,C.A. No.-007448-007448 - 2011,Civil Law
16269-2007,ARBIT.PETITON No.-000016-000016 - 2007,Civil Law
18171-2001,C.A. No.-010249-010249 - 2003,Civil Law
26341-2010,C.A. No.-006183-006183 - 2012,Civil Law
60205-1969,- 0,Civil Law
90268-1978,- 0,Tax/Corporate Law
64212-2008,- 0,Civil Law
1873-2004,C.A. No.-001240-001240 - 2005,Civil Law
36-1951,- 0,Administrative/Service Law
3009-2001,C.A. No.-004486-004486 - 2002,Constitutional Law
64187-1995,- 0,Constitutional Law
28254-2021,ARBIT.PETITON No.-000005 - 2022,Civil Law
27012-2012,C.A. No.-005339-005340 - 2013,Civil Law
90328-1954,- 0,Administrative/Service Law
18248-2000,C.A. No.-006465-006475 - 2001,Administrative/Service Law
33329-2009,Crl.A. No.-001677-001677 - 2010,Tax/Corporate Law
25080-2006,C.A. No.-002484-002484 - 2012,Civil Law
16833-2003,C.A. No.-000538-000538 - 2004,Civil Law
28894-2011,Crl.A. No.-000746-000746 - 2012,Tax/Corporate Law
10049-1994,C.A. No.-009227-009234 - 1995,Constitutional Law
60093-1970,- 0,Administrative/Service Law
77341-1996,C.A. No.-006965-006965 - 1996,Constitutional Law
62874-1979,- 0,Constitutional Law
19414-2001,Crl.A. No.-000312-000312 - 2002,Tax/Corporate Law
11633-2016,C.A. No.-010736-010737 - 2017,Civil Law
60387-1969,- 0,Constitutional Law
32452-2016,C.A. No.-005467-005469 - 2017,Constitutional Law
5511-2002,C.A. No.-008548-008548 - 2003,Constitutional Law
1840-2019,C.A. No.-007062-007062 - 2022,Civil Law
21370-2007,C.A. No.-000029-000029 - 2009,Civil Law
15341-2001,C.A. No.-000486-000486 - 2003,Constitutional Law
67093-1985,- 0,Constitutional Law
323-1963,- 0,Administrative/Service Law
70932-1988,- 0,Administrative/Service Law
6274-2012,C.A. No.-010121-010121 - 2013,Civil Law
63772-1982,- 0,Civil Law
18008-2003,C.A. No.-009128-009128 - 2003,Civil Law
38260-2012,Crl.A. No.-001792-001792 - 2013,Tax/Corporate Law
2520-2015,C.A. No.-006106-006108 - 2015,Civil Law
19504-2014,C.A. No.-005700-005700 - 2023,Civil Law
18624-2006,C.A. No.-001377-001377 - 2007,Constitutional Law
60308-1970,- 0,Administrative/Service Law
10585-2019,C.A. No.-002769-002770 - 2023,Civil Law
71108-1987,- 0,Administrative/Service Law
2471-2013,C.A. No.-002595-002595 - 2013,Civil Law
887-1998,C.A. No.-001907-001908 - 2000,Civil Law
13793-2014,C.A. No.-003777-003777 - 2018,Civil Law
199959-1993,W.P.(C) No.-000317-000317 - 1993,Constitutional Law
6243-1995,C.A. No.-014752-014752 - 1996,Constitutional Law
27450-2009,W.P.(C) No.-000204-000204 - 2010,Constitutional Law
12575-1997,C.A. No.-006248-006248 - 1997,Administrative/Service Law
7531-1998,C.A. No.-002650-002652 - 1998,Civil Law
69721-1986,- 0,Administrative/Service Law
17982-2000,C.A. No.-000898-000899 - 2002,Civil Law
27501-2010,C.A. No.-003186-003186 - 2011,Civil Law
24269-2009,Crl.A. No.-000043-000043 - 2010,Tax/Corporate Law
37908-2018,Crl.A. No.-001541-001541 - 2018,Civil Law
8137-2009,C.A. No.-005896-005896 - 2010,Civil Law
62803-1979,- 0,Civil Law
15974-1993,C.A. No.-009997-009997 - 1995,Constitutional Law
32006-2017,C.A. No.-002952-002952 - 2018,Civil Law
5022-2012,Crl.A. No.-001726-001726 - 2015,Tax/Corporate Law
21427-2007,C.A. No.-008580-008580 - 2010,Civil Law
8803-2018,C.A. No.-006996-006996 - 2019,Civil Law
18672-2005,C.A. No.-005856-005856 - 2005,Constitutional Law
3313-2008,Crl.A. No.-000920-000920 - 2008,Tax/Corporate Law
65858-1983,C.A. No.-003986-003986 - 1983,Civil Law
11204-2005,Crl.A. No.-001695-001695 - 2005,Tax/Corporate Law
9639-1998,C.A. No.-001904-001904 - 1999,Constitutional Law
69884-1986,- 0,Civil Law
14318-2003,C.A. No.-002758-002758 - 2004,Administrative/Service Law
237-1967,- 0,Tax/Corporate Law
-0,-,Criminal Law
10217-1995,C.A. No.-007844-007844 - 1996,Constitutional Law
63126-2007,- 0,Civil Law
16983-2003,C.A. No.-003218-003218 - 2007,Constitutional Law
20645-2020,W.P.(C) No.-001109 - 2020,Constitutional Law
12305-2009,C.A. No.-004166-004166 - 2013,Tax/Corporate Law
4222-2003,Crl.A. No.-000376-000376 - 2003,Tax/Corporate Law
67072-1996,SLP(C) No.-015196-015196 - 1996,Civil Law
60451-1976,C.A. No.-001218-001218 - 1976,Civil Law
60080-1970,- 0,Constitutional Law
6158-2014,C.A. No.-001488-001488 - 2017,Constitutional Law
9770-2003,C.A. No.-007543-007543 - 2004,Civil Law
60395-1968,- 0,Administrative/Service Law
887-2003,C.A. No.-005505-005507 - 2003,Constitutional Law
60641-1998,- 0,Tax/Corporate Law
90431-1978,- 0,Administrative/Service Law
14254-1997,C.A. No.-005500-005500 - 1998,Civil Law
534-2003,R.P.(C) No.-000353-000353 - 2003,Civil Law
10044-2000,C.A. No.-004145-004145 - 2001,Civil Law
90280-1954,- 0,Administrative/Service Law
64218-2008,- 0,Tax/Corporate Law
17341-1994,Crl.A. No.-000957-000957 - 1995,Tax/Corporate Law
72244-1990,C.A. No.-008746-008746 - 1995,Civil Law
11765-2016,C.A. No.-011370-011370 - 2018,Constitutional Law
21941-2001,C.A. No.-001374-001374 - 2003,Administrative/Service Law
23612-2016,C.A. No.-001567-001567 - 2017,Constitutional Law
8811-2004,C.A. No.-003593-003593 - 2006,Civil Law
31128-2014,Crl.A. No.-002526-002526 - 2014,Tax/Corporate Law
76078-1994,C.A. No.-004393-004393 - 1996,Civil Law
60095-1966,- 0,Administrative/Service Law
-0,-,Criminal Law
35066-2007,C.A. No.-002160-002160 - 2008,Civil Law
35895-2012,Crl.A. No.-000192-000192 - 2016,Tax/Corporate Law
76579-1996,C.A. No.-000400-000400 - 1997,Constitutional Law
9302-2004,Crl.A. No.-000926-000926 - 2004,Civil Law
13663-1999,C.A. No.-006708-006708 - 2001,Civil Law
5938-2013,R.P.(Crl.) No.-000159-000160 - 2013,Tax/Corporate Law
16187-1994,C.A. No.-002490-002490 - 1995,Civil Law
63573-2002,Crl.A. No.-000584-000585 - 2002,Tax/Corporate Law
24203-2016,C.A. No.-008708-008708 - 2016,Civil Law
90289-1978,- 0,Civil Law
60178-1957,- 0,Administrative/Service Law
200322-1993,TAX.REF.CASE(C) No.-000001-000001 - 1993,Administrative/Service Law
17377-1994,C.A. No.-007711-007711 - 1994,Constitutional Law
6-1951,- 0,Administrative/Service Law
60966-1997,SLP(C) No.-002846-002846 - 1997,Civil Law
3351-1990,C.A. No.-003694-003748 - 1996,Civil Law
90431-1964,- 0,Administrative/Service Law
20155-2000,C.A. No.-000904-000904 - 2004,Civil Law
1-1918,-,Tax/Corporate Law
27117-2004,C.A. No.-000292-000292 - 2005,Constitutional Law
14056-2011,C.A. No.-000190-000190 - 2020,Civil Law
60389-1968,- 0,Administrative/Service Law
77042-1990,- 0,Administrative/Service Law
14370-2009,C.A. No.-017355-017355 - 2017,Civil Law
77742-1996,C.A. No.-001061-001062 - 1998,Civil Law
15678-2009,C.A. No.-001987-001987 - 2012,Civil Law
66127-1983,- 0,Tax/Corporate Law
38-1952,- 0,Administrative/Service Law
60364-1969,- 0,Civil Law
68495-1984,- 0,Administrative/Service Law
14983-2003,Crl.A. No.-001394-001394 - 2003,Tax/Corporate Law
207-1958,- 0,Administrative/Service Law
77117-1990,- 0,Constitutional Law
4999-2000,C.A. No.-002770-002770 - 2000,Civil Law
17335-2003,C.A. No.-004033-004033 - 2004,Civil Law
23012-2005,Crl.A. No.-000694-000694 - 2006,Tax/Corporate Law
29916-2009,SLP(C) No.-012125-012125 - 2010,Civil Law
6354-1995,C.A. No.-008494-008494 - 1995,Civil Law
15395-1994,C.A. No.-000995-000995 - 1995,Constitutional Law
90360-1964,- 0,Administrative/Service Law
23397-2002,C.A. No.-002715-002715 - 2003,Civil Law
12972-2001,C.A. No.-006397-006398 - 2001,Constitutional Law
2694-2005,C.A. No.-002856-002856 - 2010,Civil Law
6524-2001,Crl.A. No.-000070-000070 - 2002,Tax/Corporate Law
60593-1975,- 0,Civil Law
6839-2006,Crl.A. No.-000904-000904 - 2009,Tax/Corporate Law
23720-2008,Crl.A. No.-000753-000753 - 2010,Tax/Corporate Law
2997-1995,W.P.(C) No.-000202-000202 - 1995,Civil Law
60078-1968,- 0,Administrative/Service Law
44646-2018,C.A. No.-002525-002525 - 2019,Civil Law
31597-2015,C.A. No.-014626-014626 - 2015,Civil Law
38551-2014,Crl.A. No.-000465-000465 - 2017,Civil Law
77004-1990,- 0,Constitutional Law
201406-1993,T.P.(C) No.-000336-000371 - 1993,Civil Law
20761-2012,Crl.A. No.-001602-001602 - 2012,Tax/Corporate Law
30338-2018,C.A. No.-006308-006308 - 2019,Civil Law
63743-1981,- 0,Civil Law
12203-2007,Crl.A. No.-001224-001224 - 2008,Tax/Corporate Law
60282-1971,- 0,Administrative/Service Law
9833-2008,Crl.A. No.-000674-000674 - 2008,Civil Law
69873-1986,- 0,Civil Law
78592-1991,C.A. No.-000307-000307 - 1998,Tax/Corporate Law
13760-2002,C.A. No.-000036-000036 - 2003,Civil Law
70783-1988,- 0,Constitutional Law
23134-2018,C.A. No.-005747-005747 - 2021,Civil Law
5516-2016,C.A. No.-010175-010175 - 2016,Civil Law
6184-2002,C.A. No.-007318-007318 - 2003,Constitutional Law
68283-1986,Crl.A. No.-000626-000626 - 1986,Tax/Corporate Law
11415-2000,C.A. No.-002903-002903 - 2001,Constitutional Law
31050-2007,C.A. No.-007701-007701 - 2009,Constitutional Law
5287-1999,C.A. No.-004994-004994 - 2000,Civil Law
15334-2003,C.A. No.-000030-000030 - 2004,Civil Law
60307-2010,- 0,Tax/Corporate Law
14753-2008,C.A. No.-003127-003127 - 2009,Civil Law
23397-2007,Crl.A. No.-001389-001389 - 2007,Tax/Corporate Law
-0,-,Criminal Law
15006-2002,Crl.A. No.-000006-000007 - 2003,Tax/Corporate Law
26610-2016,C.A. No.-005428-005428 - 2017,Civil Law
19155-2000,C.A. No.-002565-002565 - 2001,Civil Law
13173-1998,C.A. No.-004170-004170 - 1999,Civil Law
62677-1979,- 0,Tax/Corporate Law
9388-2009,SLP(C) No.-009821-009822 - 2009,Civil Law
17185-2002,Crl.A. No.-000125-000126 - 2003,Tax/Corporate Law
60146-1966,- 0,Administrative/Service Law
-0,-,Criminal Law
90391-1964,- 0,Administrative/Service Law
63031-1995,C.A. No.-008299-008299 - 1995,Civil Law
68432-1984,- 0,Constitutional Law
60278-2006,T.C.(C) No.-000169-000169 - 2006,Constitutional Law
15889-2003,Crl.A. No.-000087-000087 - 2004,Tax/Corporate Law
80311-1991,- 0,Constitutional Law
32351-2014,ARBIT.PETITON No.-000037-000037 - 2014,Civil Law
13871-2001,Crl.A. No.-000020-000020 - 2002,Tax/Corporate Law
1941-2014,C.A. No.-003018-003018 - 2017,Administrative/Service Law
1346-2001,C.A. No.-001785-001785 - 2001,Civil Law
27093-2007,Crl.A. No.-001139-001140 - 2008,Civil Law
18259-2023,C.A. No.-003710-003710 - 2023,Civil Law
2850-1999,C.A. No.-006164-006164 - 1999,Civil Law
13883-2000,SLP(C) No.-013639-013639 - 2000,Civil Law
70496-1996,SLP(C) No.-020481-020481 - 1996,Constitutional Law
12737-2009,C.A. No.-000296-000296 - 2011,Constitutional Law
-0,Appeal (crl.)  197 of 198 197_198 -,Criminal Law
60407-1973,- 0,Administrative/Service Law
-0,-,Criminal Law
153-1965,- 0,Administrative/Service Law
15139-1999,Crl.A. No.-001129-001129 - 1999,Tax/Corporate Law
-0,Appeal (crl.)  197 of 198 197_198 -,Criminal Law
28850-2007,C.A. No.-006136-006136 - 2009,Civil Law
13318-1997,Crl.A. No.-000688-000688 - 1998,Civil Law
71148-1987,- 0,Tax/Corporate Law
20417-2016,Crl.A. No.-000720-000720 - 2016,Tax/Corporate Law
31115-2010,C.A. No.-000814-000814 - 2012,Civil Law
218-1963,- 0,Civil Law
66046-1983,- 0,Tax/Corporate Law
4093-2004,Crl.A. No.-000219-000219 - 2005,Tax/Corporate Law
36832-2011,C.A. No.-005100-005100 - 2013,Constitutional Law
23842-2007,C.A. No.-010075-010076 - 2014,Civil Law
24741-2008,Crl.A. No.-001852-001852 - 2008,Tax/Corporate Law
7706-2002,C.A. No.-007119-007119 - 2003,Constitutional Law
79637-1991,C.A. No.-000552-000554 - 1991,Constitutional Law
25584-2005,C.A. No.-001260-001260 - 2006,Civil Law
60187-1966,- 0,Administrative/Service Law
63997-1985,W.P.(C) No.-003727-003727 - 1985,Civil Law
20276-2008,Crl.A. No.-001841-001841 - 2013,Civil Law
85-1965,- 0,Administrative/Service Law
11927-2009,W.P.(C) No.-000176-000176 - 2009,Tax/Corporate Law
263-1967,- 0,Administrative/Service Law
9766-1995,C.A. No.-006752-006754 - 1996,Constitutional Law
10951-2017,C.A. No.-006861-006861 - 2018,Civil Law
60353-1975,C.A. No.-000650-000650 - 1975,Constitutional Law
33766-2007,Crl.A. No.-001680-001682 - 2007,Tax/Corporate Law
77111-1996,C.A. No.-000244-000244 - 1997,Constitutional Law
21123-2003,C.A. No.-003502-003502 - 2004,Civil Law
60156-1957,- 0,Tax/Corporate Law
2275-2007,C.A. No.-001940-001940 - 2008,Civil Law
23211-2003,C.A. No.-001775-001775 - 2005,Constitutional Law
76007-1994,C.A. No.-011861-011861 - 1995,Constitutional Law
89435-1993,C.A. No.-009039-009039 - 1996,Civil Law
19004-1996,C.A. No.-004618-004630 - 1997,Civil Law
26626-2017,C.A. No.-000987-000987 - 2020,Constitutional Law
20030-2006,Crl.A. No.-000836-000836 - 2008,Civil Law
19707-2005,C.A. No.-001095-001095 - 2010,Constitutional Law
77564-1994,- 0,Constitutional Law
90525-1964,- 0,Administrative/Service Law
60098-1957,- 0,Administrative/Service Law
87208-1992,- 0,Administrative/Service Law
272-1965,- 0,Administrative/Service Law
22869-2002,Crl.A. No.-000104-000106 - 2003,Tax/Corporate Law
62659-1979,- 0,Constitutional Law
18604-2005,C.A. No.-000941-000941 - 2006,Constitutional Law
34432-2008,Crl.A. No.-001732-001732 - 2009,Tax/Corporate Law
6899-2011,Crl.A. No.-000651-000651 - 2012,Tax/Corporate Law
86857-1992,W.P.(C) No.-000674-000674 - 1992,Civil Law
24291-2003,C.A. No.-002024-002024 - 2006,Constitutional Law
8651-2006,C.A. No.-007312-007312 - 2008,Constitutional Law
90383-1964,- 0,Administrative/Service Law
2816-2016,C.A. No.-011200-011200 - 2017,Civil Law
1400-2010,C.A. No.-002225-002225 - 2010,Civil Law
-0,-,Criminal Law
23651-2019,C.A. No.-005395-005398 - 2019,Civil Law
19946-2005,Crl.A. No.-000188-000188 - 2006,Tax/Corporate Law
60224-1971,- 0,Administrative/Service Law
11901-1997,Crl.A. No.-001234-001237 - 1997,Tax/Corporate Law
17860-2005,C.A. No.-003619-003619 - 2008,Constitutional Law
22335-2010,C.A. No.-002843-002843 - 2011,Constitutional Law
64201-2008,- 0,Tax/Corporate Law
19522-2006,C.A. No.-005067-005067 - 2008,Civil Law
35507-2009,C.A. No.-010362-010362 - 2010,Civil Law
60315-1968,- 0,Civil Law
4100-2012,C.A. No.-008994-008994 - 2012,Civil Law
7415-2023,Crl.A. No.-001601-001602 - 2023,Civil Law
21496-2015,C.A. No.-008545-008545 - 2016,Civil Law
6668-2015,C.A. No.-003155-003155 - 2017,Civil Law
1-9228,-,Administrative/Service Law
256-1965,- 0,Administrative/Service Law
15028-2008,C.A. No.-010003-010003 - 2010,Constitutional Law
80046-1992,Crl.A. No.-001671-001671 - 1995,Tax/Corporate Law
79144-1996,C.A. No.-000694-000694 - 1997,Civil Law
249-2000,C.A. No.-005976-005976 - 2001,Civil Law
37982-2019,C.A. No.-002903-002903 - 2020,Tax/Corporate Law
16867-2008,C.A. No.-002133-002133 - 2009,Civil Law
41044-2011,C.A. No.-011220-011220 - 2017,Civil Law
33244-2015,C.A. No.-010860-010860 - 2016,Civil Law
60185-1957,- 0,Administrative/Service Law
27666-2019,C.A. No.-006187 - 2019,Civil Law
7237-2005,C.A. No.-004328-004328 - 2006,Civil Law
137-1956,- 0,Civil Law
14948-1999,Crl.A. No.-000185-000185 - 2000,Tax/Corporate Law
9274-2004,C.A. No.-004367-004367 - 2004,Administrative/Service Law
9906-2020,C.A. No.-003564-003564 - 2020,Civil Law
38065-2016,C.A. No.-010181-010181 - 2018,Civil Law
16762-2002,C.A. No.-004903-004905 - 2004,Civil Law
60388-1968,- 0,Administrative/Service Law
8743-2007,C.A. No.-001893-001893 - 2008,Civil Law
24683-2009,C.A. No.-003406-003406 - 2011,Civil Law
17504-2000,C.A. No.-006651-006654 - 2000,Constitutional Law
8776-1997,C.A. No.-004673-004673 - 1997,Civil Law
62732-1979,- 0,Constitutional Law
23499-2005,C.A. No.-004773-004773 - 2006,Constitutional Law
24613-2003,Crl.A. No.-000174-000174 - 2004,Tax/Corporate Law
39319-2018,Crl.A. No.-000238-000238 - 2019,Tax/Corporate Law
25304-2010,Crl.A. No.-002068-002072 - 2010,Civil Law
70863-1988,- 0,Administrative/Service Law
60380-1970,- 0,Administrative/Service Law
63426-1984,W.P.(C) No.-013381-013381 - 1984,Constitutional Law
2900-1999,Crl.A. No.-000617-000617 - 2001,Tax/Corporate Law
28083-2019,Crl.A. No.-000127-000127 - 2020,Civil Law
60225-2001,- 0,Civil Law
7772-2009,C.A. No.-007224-007226 - 2009,Civil Law
76077-1996,C.A. No.-004010-004032 - 1997,Civil Law
8964-2002,Crl.A. No.-000734-000734 - 2002,Tax/Corporate Law
10775-2008,C.A. No.-004173-004173 - 2008,Constitutional Law
60229-2001,- 0,Tax/Corporate Law
18131-2020,C.A. No.-003116 - 2020,Constitutional Law
7453-2012,C.A. No.-011856-011856 - 2018,Constitutional Law
3858-2003,C.A. No.-006986-006987 - 2005,Civil Law
110-1965,- 0,Administrative/Service Law
7707-2014,W.P.(C) No.-000245-000245 - 2014,Constitutional Law
60163-1973,C.A. No.-000723-000723 - 1973,Civil Law
36664-2012,C.A. No.-009295-009295 - 2014,Civil Law
6785-2014,C.A. No.-001971-001971 - 2015,Tax/Corporate Law
60076-1969,- 0,Administrative/Service Law
8918-1998,Crl.A. No.-000796-000796 - 1998,Tax/Corporate Law
85498-1992,Crl.A. No.-000234-000234 - 1992,Tax/Corporate Law
60153-1970,- 0,Administrative/Service Law
18530-2006,W.P.(C) No.-000354-000354 - 2006,Constitutional Law
10450-2013,C.A. No.-000014-000014 - 2016,Civil Law
65119-1984,C.A. No.-003586-003586 - 1984,Administrative/Service Law
80284-1991,- 0,Civil Law
1766-2004,C.A. No.-005573-005574 - 2004,Civil Law
16153-2017,Crl.A. No.-000569-000569 - 2018,Tax/Corporate Law
60298-1968,- 0,Constitutional Law
90282-2006,- 0,Tax/Corporate Law
6708-2012,Crl.A. No.-002602-002602 - 2014,Tax/Corporate Law
40442-2017,C.A. No.-010044-010044 - 2018,Civil Law
-0,Appeal (crl.)  197 of 198 197_198 -,Criminal Law
159-1963,- 0,Administrative/Service Law
62756-1979,- 0,Administrative/Service Law
-0,-,Criminal Law
63220-1980,- 0,Tax/Corporate Law
38326-2019,C.A. No.-000274 - 2020,Civil Law
79017-1996,C.A. No.-009469-009469 - 1996,Civil Law
25538-2002,C.A. No.-001955-001955 - 2003,Constitutional Law
70855-1988,- 0,Tax/Corporate Law
16656-2001,W.P.(C) No.-000410-000410 - 2001,Constitutional Law
17957-1993,Crl.A. No.-000380-000380 - 1997,Tax/Corporate Law
63680-1981,- 0,Administrative/Service Law
22017-2008,Crl.A. No.-000984-000984 - 2009,Civil Law
60346-1972,- 0,Civil Law
42395-2019,Crl.A. No.-000211-000211 - 2023,Tax/Corporate Law
15767-2003,C.A. No.-009049-009051 - 2003,Administrative/Service Law
23630-2007,Crl.A. No.-000958-000958 - 2009,Tax/Corporate Law
39641-2012,C.A. No.-011247-011247 - 2016,Civil Law
5732-2011,Crl.A. No.-000166-000166 - 2012,Tax/Corporate Law
60604-2003,Crl.A. No.-000248-000248 - 2003,Tax/Corporate Law
7889-2001,Crl.A. No.-000705-000705 - 2001,Tax/Corporate Law
24898-2008,C.A. No.-008643-008643 - 2009,Constitutional Law
11812-2011,C.A. No.-010353-010353 - 2016,Constitutional Law
90361-1964,- 0,Constitutional Law
14701-2021,C.A. No.-007536-007536 - 2021,Constitutional Law
7009-2008,C.A. No.-000673-000673 - 2012,Civil Law
2282-2012,Crl.A. No.-002051-002051 - 2014,Tax/Corporate Law
60152-1968,- 0,Tax/Corporate Law
60024-1968,- 0,Administrative/Service Law
18548-2002,C.A. No.-007254-007256 - 2002,Civil Law
77262-1996,C.A. No.-005324-005324 - 1999,Constitutional Law
5161-2003,Crl.A. No.-000670-000670 - 2003,Tax/Corporate Law
17-1950,- 0,Administrative/Service Law
60231-1973,- 0,Tax/Corporate Law
19843-2008,C.A. No.-009761-009761 - 2010,Constitutional Law
44817-2019,T.P.(C) No.-000032 - 2020,Civil Law
13013-1999,C.A. No.-005403-005406 - 1999,Civil Law
85773-1992,C.A. No.-002933-002934 - 1992,Constitutional Law
30812-2008,C.A. No.-001326-001327 - 2010,Civil Law
4234-2011,C.A. No.-009095-009095 - 2013,Civil Law
90258-2006,- 0,Civil Law
244-1960,- 0,Administrative/Service Law
12501-2009,C.A. No.-002075-002075 - 2010,Civil Law
9845-2021,Crl.A. No.-001161-001162 - 2021,Tax/Corporate Law
3429-1996,W.P.(C) No.-000174-000174 - 1996,Constitutional Law
60338-1969,- 0,Administrative/Service Law
60272-1968,- 0,Civil Law
72611-1989,- 0,Civil Law
60041-1970,- 0,Civil Law
60392-1971,- 0,Civil Law
60203-1970,- 0,Tax/Corporate Law
78447-1991,C.A. No.-007559-007559 - 1996,Civil Law
28711-2008,C.A. No.-006492-006492 - 2008,Civil Law
25032-2007,Crl.A. No.-000784-000784 - 2008,Tax/Corporate Law
19328-2012,C.A. No.-000943-000943 - 2013,Constitutional Law
2522-2005,C.A. No.-001618-001618 - 2005,Civil Law
7708-2019,C.A. No.-006261-006262 - 2019,Civil Law
12861-2005,C.A. No.-010792-010794 - 2011,Civil Law
19910-2007,C.A. No.-007031-007031 - 2009,Civil Law
19707-2017,C.A. No.-018300-018305 - 2017,Civil Law
24056-2019,Crl.A. No.-001200-001202 - 2022,Tax/Corporate Law
33284-2019,C.A. No.-000429-000430 - 2021,Constitutional Law
34973-2010,C.A. No.-002341-002341 - 2011,Civil Law
72574-1989,- 0,Administrative/Service Law
60534-1975,- 0,Administrative/Service Law
25207-2008,C.A. No.-005176-005176 - 2009,Civil Law
13949-2000,C.A. No.-007351-007351 - 2001,Civil Law
26945-2003,C.A. No.-000804-000804 - 2005,Civil Law
15663-2007,C.A. No.-006717-006717 - 2008,Constitutional Law
36868-2008,C.A. No.-002360-002376 - 2009,Civil Law
8654-2004,C.A. No.-005897-005897 - 2006,Civil Law
-0,-,Criminal Law
65449-1983,C.A. No.-006635-006635 - 1983,Administrative/Service Law
7190-2009,Crl.A. No.-000119-000119 - 2010,Tax/Corporate Law
-0,-,Criminal Law
90325-1964,- 0,Administrative/Service Law
12779-2000,C.A. No.-001678-001678 - 2002,Civil Law
19832-2003,C.A. No.-001641-001641 - 2004,Civil Law
5172-2017,C.A. No.-004427-004427 - 2017,Civil Law
24447-2003,C.A. No.-004837-004837 - 2005,Constitutional Law
63369-1980,- 0,Tax/Corporate Law
60486-1972,- 0,Tax/Corporate Law
3582-1997,Crl.A. No.-000339-000339 - 1997,Tax/Corporate Law
22194-2015,C.A. No.-001653-001653 - 2019,Constitutional Law
-0,-,Criminal Law
19323-1996,C.A. No.-004953-004957 - 1998,Constitutional Law
6362-1997,C.A. No.-003164-003166 - 1997,Civil Law
77592-1994,- 0,Civil Law
4677-2003,C.A. No.-002150-002150 - 2006,Civil Law
27-1956,- 0,Administrative/Service Law
70731-1988,- 0,Tax/Corporate Law
207-1963,- 0,Administrative/Service Law
21565-2001,C.A. No.-007398-007398 - 2002,Civil Law
37260-2009,Crl.A. No.-000014-000014 - 2011,Tax/Corporate Law
31640-2021,CONMT.PET.(C) No.-000016 - 2022,Civil Law
11733-2006,C.A. No.-007377-007377 - 2008,Civil Law
15447-2005,C.A. No.-005158-005158 - 2007,Constitutional Law
15668-2013,C.A. No.-006944-006944 - 2015,Constitutional Law
19087-2007,Crl.A. No.-001336-001336 - 2007,Tax/Corporate Law
65954-1983,- 0,Tax/Corporate Law
5703-2012,C.A. No.-001099-001099 - 2013,Constitutional Law
178-1959,- 0,Administrative/Service Law
1319-2019,C.A. No.-002377-002377 - 2020,Civil Law
1-1148,-,Civil Law
60210-1968,- 0,Administrative/Service Law
20-1950,- 0,Administrative/Service Law
14806-2004,C.A. No.-002633-002633 - 2006,Civil Law
64183-2008,- 0,Tax/Corporate Law
60510-1975,- 0,Administrative/Service Law
18193-2003,C.A. No.-006277-006277 - 2004,Civil Law
34076-2017,C.A. No.-003695-003695 - 2018,Civil Law
8751-1997,C.A. No.-004537-004537 - 1998,Constitutional Law
22509-2007,Crl.A. No.-001957-001957 - 2008,Tax/Corporate Law
4339-2014,Crl.A. No.-001820-001820 - 2017,Tax/Corporate Law
16130-2018,C.A. No.-005151-005151 - 2023,Civil Law
35846-2017,SLP(C) No.-030748-030749 - 2017,Constitutional Law
17782-2004,C.A. No.-001884-001884 - 2011,Civil Law
1818-2002,Crl.A. No.-000964-000964 - 2002,Tax/Corporate Law
60221-1969,- 0,Constitutional Law
161-1967,- 0,Tax/Corporate Law
60585-1975,- 0,Administrative/Service Law
113-1963,- 0,Administrative/Service Law
30983-2012,C.A. No.-009193-009193 - 2012,Civil Law
17065-2015,C.A. No.-004988-004988 - 2018,Civil Law
22201-2008,C.A. No.-008081-008082 - 2009,Civil Law
60346-1973,- 0,Administrative/Service Law
5556-2003,C.A. No.-001438-001438 - 2004,Civil Law
3800-2022,Crl.A. No.-000740-000740 - 2022,Tax/Corporate Law
60084-1966,- 0,Administrative/Service Law
60044-1969,- 0,Administrative/Service Law
61626-1977,- 0,Administrative/Service Law
19241-2010,C.A. No.-002833-002834 - 2014,Civil Law
10045-2004,W.P.(C) No.-000260-000260 - 2004,Civil Law
18639-2003,Crl.A. No.-001383-001383 - 2003,Tax/Corporate Law
32469-2007,C.A. No.-007279-007279 - 2013,Civil Law
-0,-,Criminal Law
19611-2007,C.A. No.-010098-010102 - 2010,Constitutional Law
23491-2003,C.A. No.-004683-004683 - 2004,Civil Law
60349-1966,- 0,Administrative/Service Law
21438-2004,C.A. No.-005188-005188 - 2006,Tax/Corporate Law
2132-2005,C.A. No.-001740-001740 - 2008,Civil Law
16551-2001,C.A. No.-005789-005789 - 2002,Constitutional Law
60469-1968,- 0,Administrative/Service Law
-0,-,Criminal Law
-0,-,Criminal Law
11235-1998,C.A. No.-006432-006432 - 1998,Civil Law
5204-2007,C.A. No.-001042-001042 - 2008,Civil Law
24225-2002,C.A. No.-000550-000550 - 2003,Civil Law
42522-2019,C.A. No.-005692-005695 - 2021,Civil Law
63748-1982,- 0,Constitutional Law
4225-2015,CONMT.PET.(C) No.-000109-000109 - 2015,Constitutional Law
84665-1992,C.A. No.-013049-013050 - 1996,Civil Law
60622-1975,- 0,Constitutional Law
27403-2019,C.A. No.-008796-008796 - 2019,Civil Law
42654-2014,Crl.A. No.-000462-000462 - 2016,Tax/Corporate Law
73270-1996,SLP(C) No.-025086-025086 - 1996,Constitutional Law
10491-2003,C.A. No.-006525-006525 - 2004,Civil Law
69744-1986,- 0,Tax/Corporate Law
16339-2004,C.A. No.-007526-007526 - 2004,Civil Law
-0,-,Criminal Law
63797-1981,- 0,Civil Law
29529-2023,C.A. No.-005171-005172 - 2023,Civil Law
63378-1980,- 0,Constitutional Law
13790-2005,C.A. No.-001970-001975 - 2009,Constitutional Law
68359-1984,- 0,Tax/Corporate Law
33542-2012,C.A. No.-008900-008900 - 2012,Civil Law
9499-2012,Crl.A. No.-000883-000883 - 2012,Tax/Corporate Law
43003-2019,C.A. No.-005856-005856 - 2021,Civil Law
60129-1971,- 0,Administrative/Service Law
60386-1973,- 0,Constitutional Law
74358-1990,C.A. No.-005291-005291 - 1990,Constitutional Law
6791-2000,C.A. No.-003050-003050 - 2000,Tax/Corporate Law
23952-2010,Crl.A. No.-002023-002023 - 2012,Civil Law
89524-1993,C.A. No.-015487-015487 - 1996,Civil Law
36241-2016,SLP(C) No.-032275-032275 - 2016,Constitutional Law
74465-1991,C.A. No.-004109-004109 - 1991,Constitutional Law
43002-2019,Crl.A. No.-001399-001399 - 2023,Tax/Corporate Law
31881-2018,Crl.A. No.-000530-000530 - 2022,Tax/Corporate Law
515-2011,Crl.A. No.-001226-001226 - 2011,Tax/Corporate Law
6046-1995,SLP(C) No.-010546-010546 - 1995,Civil Law
41840-2018,Crl.A. No.-000164-000165 - 2019,Civil Law
818-1996,Crl.A. No.-000242-000242 - 1996,Tax/Corporate Law
67046-1985,- 0,Administrative/Service Law
5362-2009,Crl.A. No.-001071-001071 - 2009,Tax/Corporate Law
63044-1980,W.P.(C) No.-005939-005941 - 1980,Constitutional Law
63426-1984,W.P.(C) No.-013381-013381 - 1984,Constitutional Law
109-1959,- 0,Administrative/Service Law
11064-2006,C.A. No.-002591-002591 - 2006,Civil Law
84586-1992,C.A. No.-004125-004125 - 1996,Civil Law
17490-2018,Crl.A. No.-000358-000358 - 2022,Civil Law
19753-2021,Crl.A. No.-000534-000534 - 2023,Tax/Corporate Law
21815-2022,C.A. No.-005802-005802 - 2022,Tax/Corporate Law
23-1949,- 0,Administrative/Service Law
1026-2011,SLP(C) No.-002659-002659 - 2011,Constitutional Law
63433-1980,- 0,Constitutional Law
28757-2008,Crl.A. No.-001401-001401 - 2009,Tax/Corporate Law
123-1963,- 0,Administrative/Service Law
22289-2003,Crl.A. No.-000770-000770 - 2004,Tax/Corporate Law
7244-1998,Crl.A. No.-001344-001346 - 1999,Tax/Corporate Law
-0,-,Criminal Law
68367-1984,- 0,Administrative/Service Law
6146-2008,C.A. No.-002208-002209 - 2013,Constitutional Law
60951-1976,- 0,Tax/Corporate Law
70925-2009,- 0,Civil Law
1967-1995,C.A. No.-001411-001411 - 1995,Administrative/Service Law
13097-1998,C.A. No.-001908-001908 - 1999,Civil Law
72581-1989,- 0,Tax/Corporate Law
60277-1973,- 0,Tax/Corporate Law
90466-1964,- 0,Administrative/Service Law
32257-2021,MA-000414 - 2023,Civil Law
9117-2001,C.A. No.-008284-008285 - 2002,Administrative/Service Law
103-1962,- 0,Administrative/Service Law
1464-1953,- 0,Administrative/Service Law
592-2004,C.A. No.-006638-006638 - 2004,Administrative/Service Law
32256-2007,Crl.A. No.-001660-001660 - 2007,Tax/Corporate Law
15993-2006,Crl.A. No.-002168-002168 - 2010,Tax/Corporate Law
60484-1966,- 0,Administrative/Service Law
120-1962,- 0,Administrative/Service Law
18765-2008,C.A. No.-004305-004305 - 2009,Constitutional Law
18431-2007,Crl.A. No.-000176-000176 - 2008,Tax/Corporate Law
19056-2005,C.A. No.-004196-004196 - 2006,Constitutional Law
5653-1999,SLP(C) No.-010876-010876 - 2000,Civil Law
90303-1978,- 0,Administrative/Service Law
6693-2001,Crl.A. No.-000526-000526 - 2001,Tax/Corporate Law
25227-2017,C.A. No.-007400-007401 - 2018,Constitutional Law
60649-2005,C.A. No.-005182-005182 - 2006,Constitutional Law
76042-1994,C.A. No.-002503-002503 - 1996,Civil Law
66983-1985,- 0,Constitutional Law
61004-1976,- 0,Constitutional Law
107-1960,- 0,Administrative/Service Law
60291-1966,- 0,Administrative/Service Law
12066-2005,C.A. No.-005322-005322 - 2005,Constitutional Law
35477-2012,Crl.A. No.-000165-000165 - 2018,Tax/Corporate Law
53-1965,- 0,Administrative/Service Law
35749-2011,C.A. No.-010747-010747 - 2013,Civil Law
34629-2011,Crl.A. No.-000511-000511 - 2014,Tax/Corporate Law
-0,-,Criminal Law
21046-2021,Crl.A. No.-000095-000095 - 2022,Tax/Corporate Law
6678-1995,C.A. No.-009461-009461 - 1995,Civil Law
29540-2019,W.P.(C) No.-001074 - 2019,Civil Law
6278-2019,C.A. No.-006126 - 2019,Constitutional Law
5241-2018,C.A. No.-000219-000219 - 2023,Constitutional Law
34086-2015,Crl.A. No.-000531-000531 - 2016,Civil Law
90411-1978,- 0,Civil Law
4278-2008,C.A. No.-000188-000188 - 2010,Civil Law
24823-2002,C.A. No.-005197-005197 - 2003,Civil Law
49-1952,- 0,Administrative/Service Law
8610-2009,C.A. No.-007784-007784 - 2011,Civil Law
18011-2004,Crl.A. No.-000759-000759 - 2006,Tax/Corporate Law
28870-2006,C.A. No.-001878-001878 - 2008,Civil Law
100-1961,- 0,Administrative/Service Law
71024-1987,- 0,Tax/Corporate Law
11056-2010,C.A. No.-008803-008805 - 2012,Civil Law
60365-1968,- 0,Administrative/Service Law
28179-2013,C.A. No.-010611-010611 - 2013,Civil Law
90345-1964,- 0,Administrative/Service Law
17547-1995,C.A. No.-000198-000198 - 1996,Administrative/Service Law
12124-2008,C.A. No.-005220-005221 - 2008,Civil Law
25429-2010,C.A. No.-002144-002144 - 2012,Constitutional Law
12697-2021,C.A. No.-001843 - 2021,Civil Law
18912-2007,C.A. No.-000026-000027 - 2009,Civil Law
13309-2021,Crl.A. No.-001236-001236 - 2021,Tax/Corporate Law
70434-1987,C.A. No.-003018-003021 - 1987,Constitutional Law
83-1955,- 0,Administrative/Service Law
393-1967,- 0,Administrative/Service Law
8816-1999,C.A. No.-004022-004022 - 1999,Civil Law
82203-1993,C.A. No.-001458-001458 - 1994,Constitutional Law
63345-2002,Crl.A. No.-000299-000299 - 2003,Tax/Corporate Law
18469-2007,C.A. No.-001978-001978 - 2011,Tax/Corporate Law
60347-1969,- 0,Civil Law
250-1962,- 0,Administrative/Service Law
19573-2016,C.A. No.-000624-000624 - 2017,Constitutional Law
60480-1975,- 0,Civil Law
11401-1997,Crl.A. No.-000911-000911 - 1997,Tax/Corporate Law
63303-2002,C.A. No.-005819-005819 - 2002,Civil Law
25555-2021,R.P.(C) No.-001409 - 2021,Civil Law
20873-1999,C.A. No.-000840-000840 - 2000,Administrative/Service Law
122-1961,- 0,Tax/Corporate Law
61037-1976,- 0,Constitutional Law
10879-2006,Crl.A. No.-001243-001243 - 2007,Tax/Corporate Law
30242-2013,C.A. No.-010131-010131 - 2016,Constitutional Law
23160-2011,C.A. No.-008572-008572 - 2013,Civil Law
21126-1997,C.A. No.-006037-006037 - 1998,Constitutional Law
14629-2016,Crl.A. No.-000988-000989 - 2016,Tax/Corporate Law
7163-2003,C.A. No.-008006-008007 - 2003,Constitutional Law
61809-1977,- 0,Administrative/Service Law
14976-2005,C.A. No.-006208-006208 - 2010,Constitutional Law
60088-1970,- 0,Administrative/Service Law
41719-2019,T.P.(C) No.-002792 - 2019,Civil Law
2762-2008,C.A. No.-000099-000099 - 2009,Constitutional Law
439-1997,C.A. No.-005938-005938 - 1997,Civil Law
66171-1983,- 0,Civil Law
15341-2001,C.A. No.-000486-000486 - 2003,Constitutional Law
70871-1988,- 0,Civil Law
34545-2010,C.A. No.-001653-001653 - 2016,Civil Law
12283-2019,Crl.A. No.-001088-001088 - 2023,Tax/Corporate Law
66985-1985,- 0,Civil Law
41155-2016,C.A. No.-005819-005822 - 2017,Civil Law
18062-1995,C.A. No.-014291-014306 - 1996,Civil Law
69859-1986,- 0,Civil Law
32920-2008,W.P.(C) No.-000535-000535 - 2008,Constitutional Law
26246-2006,C.A. No.-005843-005843 - 2006,Civil Law
63184-1980,C.A. No.-001965-001966 - 1980,Civil Law
12025-2010,Crl.A. No.-001089-001089 - 2010,Tax/Corporate Law
60214-1966,- 0,Administrative/Service Law
2832-2009,Crl.A. No.-001277-001277 - 2010,Tax/Corporate Law
7955-2006,C.A. No.-003311-003311 - 2009,Constitutional Law
6394-2007,C.A. No.-004576-004576 - 2008,Civil Law
64010-2002,C.A. No.-005451-005451 - 2005,Civil Law
18973-2007,C.A. No.-005342-005342 - 2011,Civil Law
63646-1981,- 0,Constitutional Law
11576-2009,Crl.A. No.-001876-001876 - 2009,Civil Law
17939-2011,Crl.A. No.-000194-000195 - 2012,Civil Law
16046-1994,C.A. No.-001101-001101 - 1995,Tax/Corporate Law
30149-2016,C.A. No.-003578-003578 - 2019,Civil Law
18468-2009,C.A. No.-003299-003299 - 2011,Constitutional Law
16121-2002,C.A. No.-000783-000789 - 2003,Civil Law
60471-1968,- 0,Administrative/Service Law
16443-1999,C.A. No.-007431-007431 - 2000,Civil Law
31970-2006,C.A. No.-003643-003643 - 2008,Civil Law
9099-2001,C.A. No.-000897-000897 - 2002,Constitutional Law
62721-1979,- 0,Administrative/Service Law
71077-1990,C.A. No.-005639-005639 - 2001,Civil Law
60122-1968,- 0,Administrative/Service Law
17753-2017,C.A. No.-010869-010869 - 2018,Civil Law
60126-1968,- 0,Tax/Corporate Law
6430-2004,C.A. No.-000267-000267 - 2007,Civil Law
16949-2013,C.A. No.-002899-002907 - 2024,Constitutional Law
34326-2017,C.A. No.-005006-005010 - 2022,Civil Law
38914-2013,C.A. No.-003238-003238 - 2015,Civil Law
16097-2000,Crl.A. No.-000219-000219 - 2001,Tax/Corporate Law
13520-2017,CONMT.PET.(C) No.-013520-013520 - 2017,Constitutional Law
26773-2003,C.A. No.-003977-003977 - 2006,Civil Law
26572-2003,C.A. No.-005901-005901 - 2004,Civil Law
60092-1971,- 0,Tax/Corporate Law
14767-1999,C.A. No.-002137-002137 - 2000,Civil Law
63139-2007,- 0,Tax/Corporate Law
37160-2017,Crl.A. No.-000383-000383 - 2018,Tax/Corporate Law
32391-2008,C.A. No.-004532-004532 - 2009,Constitutional Law
4021-2016,C.A. No.-010177-010177 - 2016,Civil Law
9031-2021,C.A. No.-005059-005059 - 2021,Constitutional Law
61749-1977,- 0,Administrative/Service Law
102-1956,- 0,Administrative/Service Law
63-1950,- 0,Administrative/Service Law
34336-2012,C.A. No.-004506-004506 - 2014,Constitutional Law
15979-2007,C.A. No.-000724-000724 - 2009,Civil Law
60202-1971,- 0,Tax/Corporate Law
14479-2007,Crl.A. No.-000889-000889 - 2007,Civil Law
64608-1983,C.A. No.-006120-006120 - 1983,Tax/Corporate Law
14122-1995,C.A. No.-011603-011603 - 1995,Civil Law
21298-2001,Crl.A. No.-000223-000223 - 2002,Tax/Corporate Law
17224-2004,C.A. No.-002636-002636 - 2006,Constitutional Law
90484-1978,- 0,Administrative/Service Law
2675-2018,C.A. No.-006232-006232 - 2023,Civil Law
16781-2005,Crl.A. No.-000335-000335 - 2006,Tax/Corporate Law
60018-1966,- 0,Administrative/Service Law
24103-2022,Crl.A. No.-000205-000205 - 2023,Civil Law
89444-1993,C.A. No.-009489-009489 - 1996,Civil Law
16349-1999,C.A. No.-003433-003433 - 2000,Constitutional Law
29816-2008,Crl.A. No.-001536-001536 - 2010,Tax/Corporate Law
13521-2010,C.A. No.-006212-006212 - 2013,Civil Law
82367-1993,C.A. No.-008848-008848 - 1994,Civil Law
5061-2005,C.A. No.-005149-005149 - 2006,Civil Law
24574-2003,C.A. No.-001171-001171 - 2004,Administrative/Service Law
13935-1999,C.A. No.-005079-005079 - 2000,Civil Law
34172-2006,Crl.A. No.-002110-002110 - 2009,Tax/Corporate Law
15266-2011,C.A. No.-002511-002511 - 2012,Constitutional Law
72304-1989,C.A. No.-005082-005085 - 1989,Civil Law
79718-1992,C.A. No.-001202-001202 - 1992,Civil Law
14301-2008,Crl.A. No.-001957-001957 - 2009,Civil Law
29451-2006,C.A. No.-002371-002371 - 2007,Civil Law
60342-1974,- 0,Administrative/Service Law
60572-1999,- 0,Civil Law
44896-2023,W.P.(C) No.-001224 - 2023,Constitutional Law
30946-2007,Crl.A. No.-001609-001609 - 2007,Tax/Corporate Law
60977-1976,- 0,Administrative/Service Law
78390-1991,C.A. No.-010022-010022 - 1995,Civil Law
14-1958,- 0,Administrative/Service Law
4965-1998,C.A. No.-001951-001951 - 1998,Administrative/Service Law
79033-1996,C.A. No.-007079-007079 - 1996,Civil Law
831-2003,R.P.(C) No.-000053-000053 - 2003,Constitutional Law
25032-2019,C.A. No.-002796-002796 - 2020,Constitutional Law
20308-2009,SLP(C) No.-019628-019629 - 2009,Constitutional Law
13620-2004,Crl.A. No.-001000-001000 - 2007,Civil Law
35274-2011,C.A. No.-004506-004506 - 2015,Civil Law
18613-2007,C.A. No.-006443-006443 - 2008,Civil Law
90252-1964,- 0,Administrative/Service Law
13354-2002,C.A. No.-006587-006587 - 2003,Constitutional Law
24779-2007,C.A. No.-001089-001089 - 2009,Civil Law
5765-2021,C.A. No.-006868-006868 - 2021,Civil Law
13026-2000,W.P.(C) No.-000490-000490 - 2000,Constitutional Law
20533-2000,Crl.A. No.-000285-000285 - 2001,Tax/Corporate Law
61220-1987,W.P.(C) No.-001325-001325 - 1987,Constitutional Law
90250-1978,- 0,Administrative/Service Law
221-1960,- 0,Administrative/Service Law
37209-2014,Crl.A. No.-000594-000594 - 2015,Tax/Corporate Law
8366-2008,C.A. No.-001284-001284 - 2011,Constitutional Law
78331-1996,C.A. No.-013118-013118 - 1996,Constitutional Law
9389-2000,Crl.A. No.-000960-000960 - 2000,Tax/Corporate Law
15405-2008,C.A. No.-004168-004168 - 2008,Civil Law
68169-1987,W.P.(C) No.-000490-000490 - 1987,Constitutional Law
60454-1966,- 0,Administrative/Service Law
1922-2017,C.A. No.-004144-004144 - 2022,Constitutional Law
64324-1992,W.P.(Crl.) No.-000209-000209 - 1993,Tax/Corporate Law
8056-2014,C.A. No.-010262-010263 - 2017,Constitutional Law
6587-2013,C.A. No.-007839-007839 - 2014,Constitutional Law
76879-1991,C.A. No.-004282-004282 - 1991,Administrative/Service Law
5696-2003,Crl.A. No.-000481-000481 - 2003,Tax/Corporate Law
9202-1997,C.A. No.-006252-006252 - 1998,Constitutional Law
86-1958,- 0,Administrative/Service Law
60037-1968,- 0,Administrative/Service Law
60275-1972,- 0,Tax/Corporate Law
20198-1998,C.A. No.-007210-007210 - 2000,Civil Law
19313-2005,C.A. No.-001786-001786 - 2009,Civil Law
10169-2001,C.A. No.-004292-004292 - 2002,Civil Law
14654-1999,C.A. No.-002639-002639 - 2000,Civil Law
15104-2000,Crl.A. No.-000971-000971 - 2000,Tax/Corporate Law
25163-2006,C.A. No.-000735-000735 - 2008,Civil Law
114-2021,C.A. No.-000390-000390 - 2021,Constitutional Law
5151-2004,C.A. No.-004487-004487 - 2004,Civil Law
62412-1990,C.A. No.-000071-000071 - 1990,Administrative/Service Law
321-1963,- 0,Tax/Corporate Law
412-1967,- 0,Administrative/Service Law
69876-1986,- 0,Civil Law
90253-1964,- 0,Administrative/Service Law
63380-1980,- 0,Civil Law
20542-2014,Crl.A. No.-000471-000471 - 2015,Tax/Corporate Law
18471-2021,C.A. No.-008031-008031 - 2022,Constitutional Law
70745-1988,- 0,Constitutional Law
-0,-,Criminal Law
2656-2017,C.A. No.-006605-006605 - 2019,Civil Law
60047-1957,- 0,Administrative/Service Law
13672-2010,Crl.A. No.-001240-001241 - 2010,Civil Law
12938-2000,C.A. No.-000639-000639 - 2003,Constitutional Law
62621-1979,- 0,Constitutional Law
5024-2000,C.A. No.-005984-005984 - 2000,Constitutional Law
21767-2006,C.A. No.-001885-001885 - 2008,Civil Law
60260-1973,- 0,Administrative/Service Law
60134-1972,W.P.(C) No.-000163-000163 - 1972,Constitutional Law
17744-2020,R.P.(C) No.-001835-001836 - 2020,Constitutional Law
20686-1999,C.A. No.-000665-000666 - 2000,Civil Law
9195-2009,Crl.A. No.-000679-000679 - 2009,Civil Law
7604-2019,C.A. No.-006144-006144 - 2019,Civil Law
117-1963,- 0,Administrative/Service Law
4688-2015,C.A. No.-002813-002813 - 2017,Constitutional Law
-0,-,Criminal Law
3824-1999,C.A. No.-005460-005460 - 1999,Civil Law
30402-2018,C.A. No.-000187 - 2019,Civil Law
26020-2004,C.A. No.-005244-005244 - 2008,Constitutional Law
14223-2003,C.A. No.-005556-005556 - 2003,Constitutional Law
5694-2000,Crl.A. No.-000795-000795 - 2001,Civil Law
6116-2013,C.A. No.-009303-009303 - 2013,Constitutional Law
63269-1980,- 0,Constitutional Law
70832-1988,- 0,Administrative/Service Law
5308-2000,C.A. No.-003398-003398 - 2000,Civil Law
1632-1998,C.A. No.-000922-000922 - 1998,Civil Law
5518-2011,C.A. No.-011381-011388 - 2011,Civil Law
8339-2011,Crl.A. No.-001181-001181 - 2012,Tax/Corporate Law
13656-2012,W.P.(C) No.-000135-000135 - 2012,Tax/Corporate Law
3929-2001,C.A. No.-003008-003008 - 2001,Civil Law
60060-1968,- 0,Administrative/Service Law
28476-2018,Crl.A. No.-001444-001444 - 2023,Civil Law
16893-2002,C.A. No.-002415-002415 - 2003,Constitutional Law
60336-1974,- 0,Tax/Corporate Law
16912-2006,C.A. No.-003281-003281 - 2007,Civil Law
8733-1995,C.A. No.-003239-003239 - 1996,Civil Law
12178-1995,C.A. No.-007275-007275 - 1995,Administrative/Service Law
60242-1974,- 0,Administrative/Service Law
29658-2011,C.A. No.-001389-001389 - 2015,Civil Law
15012-2001,Crl.A. No.-000951-000951 - 2001,Tax/Corporate Law
74-1951,- 0,Tax/Corporate Law
16732-2016,C.A. No.-005328-005329 - 2016,Civil Law
7241-2001,C.A. No.-003991-003991 - 2001,Civil Law
-0,-,Criminal Law
219-1965,- 0,Administrative/Service Law
78615-1992,C.A. No.-002452-002452 - 1992,Constitutional Law
63877-1982,- 0,Tax/Corporate Law
68503-1984,- 0,Administrative/Service Law
18623-1998,C.A. No.-006489-006490 - 1998,Civil Law
68372-1987,W.P.(C) No.-000251-000251 - 1987,Constitutional Law
32341-2010,C.A. No.-010347-010347 - 2010,Tax/Corporate Law
26848-2015,C.A. No.-008557-008557 - 2016,Civil Law
17850-2020,C.A. No.-005437-005437 - 2022,Civil Law
90423-1964,- 0,Administrative/Service Law
22287-2017,SLP(Crl) No.-007369 - 2019,Tax/Corporate Law
15588-2010,C.A. No.-002147-002147 - 2011,Constitutional Law
16763-2005,Crl.A. No.-000914-000914 - 2009,Tax/Corporate Law
14964-2000,C.A. No.-004156-004157 - 2002,Constitutional Law
10598-2006,Crl.A. No.-001003-001003 - 2007,Tax/Corporate Law
20749-2022,Crl.A. No.-001708-001708 - 2022,Tax/Corporate Law
27790-2019,MA-001614-001616 - 2019,Civil Law
90235-2006,- 0,Tax/Corporate Law
68343-1984,- 0,Administrative/Service Law
21767-2003,C.A. No.-000013-000013 - 2005,Constitutional Law
12720-1995,C.A. No.-008182-008182 - 1995,Administrative/Service Law
74389-1990,C.A. No.-003967-003967 - 1990,Constitutional Law
66166-1983,- 0,Civil Law
34593-2015,C.A. No.-008612-008612 - 2016,Civil Law
60076-1971,- 0,Constitutional Law
60275-1999,C.A. No.-000335-000335 - 1999,Civil Law
274-1963,- 0,Tax/Corporate Law
63784-1981,- 0,Administrative/Service Law
20312-2003,C.A. No.-005739-005739 - 2005,Constitutional Law
60303-1973,- 0,Tax/Corporate Law
60243-2001,- 0,Civil Law
19243-2002,C.A. No.-007986-007986 - 2002,Civil Law
60916-1976,- 0,Administrative/Service Law
16472-2005,C.A. No.-001953-001953 - 2006,Civil Law
5434-1994,Crl.A. No.-001911-001911 - 1996,Tax/Corporate Law
99-1956,- 0,Administrative/Service Law
1468-1953,- 0,Civil Law
8706-1998,Crl.A. No.-000859-000859 - 1999,Tax/Corporate Law
60197-1968,- 0,Administrative/Service Law
17808-2017,W.P.(C) No.-000438 - 2017,Constitutional Law
64932-1983,C.A. No.-008670-008670 - 1983,Civil Law
3186-2013,C.A. No.-000188-000189 - 2018,Civil Law
21015-2021,C.A. No.-003490-003490 - 2022,Tax/Corporate Law
61655-1977,- 0,Constitutional Law
222-1997,C.A. No.-000992-000993 - 1997,Civil Law
17890-2001,C.A. No.-001685-001685 - 2004,Civil Law
60258-1970,- 0,Administrative/Service Law
77020-1990,- 0,Constitutional Law
38314-2011,C.A. No.-000779-000779 - 2012,Civil Law
61732-1977,- 0,Administrative/Service Law
23398-2006,C.A. No.-002013-002013 - 2009,Civil Law
178-1958,- 0,Tax/Corporate Law
60072-1966,- 0,Administrative/Service Law
78501-1996,C.A. No.-014551-014551 - 1996,Civil Law
10283-1994,SLP(C) No.-011006-011006 - 1994,Constitutional Law
79757-1996,Crl.A. No.-000825-000825 - 1997,Tax/Corporate Law
2598-2017,C.A. No.-000157-000157 - 2018,Civil Law
68433-1984,- 0,Administrative/Service Law
17110-1995,C.A. No.-004406-004410 - 1996,Administrative/Service Law
66137-1983,- 0,Administrative/Service Law
22822-2006,C.A. No.-002106-002106 - 2012,Tax/Corporate Law
40220-2014,Crl.A. No.-000454-000454 - 2015,Tax/Corporate Law
11519-2020,Crl.A. No.-000903-000903 - 2021,Tax/Corporate Law
60347-1971,- 0,Administrative/Service Law
16628-2004,C.A. No.-001635-001635 - 2006,Civil Law
77077-1990,- 0,Constitutional Law
12026-2007,C.A. No.-008249-008249 - 2010,Civil Law
36102-2017,W.P.(C) No.-001147 - 2017,Civil Law
2-3678,-,Civil Law
3698-2016,C.A. No.-003613-003613 - 2016,Civil Law
-0,-,Criminal Law
62837-1993,Crl.A. No.-000005-000005 - 1993,Tax/Corporate Law
72526-1989,- 0,Administrative/Service Law
28280-2009,Crl.A. No.-001798-001798 - 2009,Civil Law
38207-2011,C.A. No.-008071-008071 - 2014,Tax/Corporate Law
185-1961,- 0,Administrative/Service Law
19861-2012,C.A. No.-001340-001341 - 2013,Tax/Corporate Law
19788-1998,C.A. No.-003018-003018 - 1999,Civil Law
7423-1994,C.A. No.-006995-006996 - 1994,Constitutional Law
13503-2004,C.A. No.-000559-000560 - 2008,Civil Law
8709-2000,Crl.A. No.-001111-001112 - 2000,Tax/Corporate Law
63798-1982,- 0,Constitutional Law
3690-2007,C.A. No.-001957-001957 - 2008,Civil Law
68956-1987,C.A. No.-001702-001702 - 1987,Constitutional Law
8247-2003,C.A. No.-005281-005281 - 2005,Civil Law
78821-1996,C.A. No.-009894-009894 - 1996,Constitutional Law
60107-2001,C.A. No.-008568-008569 - 2001,Administrative/Service Law
195-1960,- 0,Constitutional Law
60281-1971,- 0,Constitutional Law
12768-1995,C.A. No.-011194-011194 - 1995,Civil Law
4324-1999,C.A. No.-005539-005539 - 2001,Civil Law
60402-1974,- 0,Administrative/Service Law
10941-1999,C.A. No.-000445-000445 - 2000,Civil Law
12417-2000,Crl.A. No.-000501-000501 - 2001,Civil Law
42451-2018,C.A. No.-006622-006623 - 2022,Constitutional Law
12087-2009,C.A. No.-005576-005576 - 2009,Civil Law
14436-2011,C.A. No.-019862-019862 - 2017,Constitutional Law
15117-2015,C.A. No.-008528-008528 - 2016,Civil Law
71396-1989,C.A. No.-002511-002511 - 1998,Civil Law
314-1967,- 0,Administrative/Service Law
90370-1954,- 0,Administrative/Service Law
-0,-,Criminal Law
27087-2005,C.A. No.-004961-004961 - 2009,Civil Law
37281-2013,Crl.A. No.-000427-000427 - 2014,Tax/Corporate Law
36582-2008,C.A. No.-004184-004184 - 2009,Administrative/Service Law
161-1962,- 0,Administrative/Service Law
60253-2000,- 0,Civil Law
-0,-,Criminal Law
33047-2019,C.A. No.-008800-008801 - 2019,Civil Law
26852-2006,C.A. No.-004791-004791 - 2007,Constitutional Law
63186-1995,C.A. No.-001990-001990 - 1995,Administrative/Service Law
15109-1998,C.A. No.-006578-006578 - 2002,Civil Law
42857-2016,Crl.A. No.-000032-000032 - 2024,Tax/Corporate Law
969-2008,C.A. No.-008550-008550 - 2010,Civil Law
200129-1993,C.A. No.-007142-007142 - 1993,Civil Law
16868-2013,Crl.A. No.-001656-001656 - 2013,Tax/Corporate Law
11039-1999,Crl.A. No.-000049-000049 - 2000,Tax/Corporate Law
1208-1997,Crl.A. No.-000544-000544 - 1997,Tax/Corporate Law
2127-2022,C.A. No.-000421 - 2022,Civil Law
71229-1987,- 0,Constitutional Law
236-1960,- 0,Administrative/Service Law
66148-1983,- 0,Tax/Corporate Law
18969-1999,C.A. No.-003424-003424 - 2000,Constitutional Law
90417-1964,- 0,Administrative/Service Law
28595-2013,Crl.A. No.-000388-000388 - 2020,Tax/Corporate Law
78707-1996,C.A. No.-016861-016861 - 1996,Constitutional Law
39071-2017,C.A. No.-005728-005728 - 2021,Civil Law
33517-2016,C.A. No.-002982-002982 - 2022,Constitutional Law
2997-1995,W.P.(C) No.-000202-000202 - 1995,Civil Law
268-1962,- 0,Tax/Corporate Law
64199-2008,- 0,Tax/Corporate Law
1088-2012,C.A. No.-001733-001733 - 2015,Civil Law
13781-2005,C.A. No.-000621-000621 - 2008,Civil Law
7285-2011,Crl.A. No.-001612-001612 - 2011,Civil Law
77123-1990,- 0,Administrative/Service Law
1632-2018,T.P.(C) No.-000113 - 2018,Civil Law
8374-2008,C.A. No.-004772-004772 - 2009,Civil Law
36066-2008,C.A. No.-007130-007130 - 2009,Tax/Corporate Law
80391-1991,- 0,Civil Law
30050-2007,C.A. No.-007472-007472 - 2010,Civil Law
61846-1997,C.A. No.-000460-000460 - 1997,Civil Law
34262-2008,C.A. No.-007904-007904 - 2009,Civil Law
18248-2017,C.A. No.-002878-002878 - 2024,Civil Law
63297-1980,- 0,Tax/Corporate Law
29288-2007,C.A. No.-004745-004745 - 2008,Civil Law
34680-2007,Crl.A. No.-001979-001979 - 2010,Civil Law
10205-2000,C.A. No.-007770-007770 - 2001,Civil Law
60048-1966,- 0,Tax/Corporate Law
10246-1995,C.A. No.-014578-014578 - 1996,Civil Law
60296-1972,- 0,Civil Law
3005-2011,C.A. No.-011169-011169 - 2011,Civil Law
27787-2006,C.A. No.-006895-006895 - 2008,Constitutional Law
-0,-,Criminal Law
7746-2011,Crl.A. No.-001297-001297 - 2011,Tax/Corporate Law
21510-2000,Crl.A. No.-000449-000449 - 2002,Tax/Corporate Law
3960-2000,C.A. No.-002680-002680 - 2000,Civil Law
24105-2005,Crl.A. No.-000751-000751 - 2006,Tax/Corporate Law
7559-2020,T.P.(C) No.-000441 - 2020,Civil Law
60113-1971,- 0,Administrative/Service Law
9354-2007,C.A. No.-001718-001718 - 2010,Constitutional Law
1742-2001,C.A. No.-001849-001849 - 2002,Civil Law
7814-2022,W.P.(C) No.-000180 - 2022,Constitutional Law
33870-2013,C.A. No.-010560-010560 - 2013,Civil Law
64945-1983,W.P.(C) No.-013508-013508 - 1983,Constitutional Law
63820-1982,- 0,Constitutional Law
17568-2021,Crl.A. No.-001159-001159 - 2021,Tax/Corporate Law
27348-2019,C.A. No.-006524-006524 - 2021,Civil Law
70830-1988,- 0,Administrative/Service Law
9099-2001,C.A. No.-000897-000897 - 2002,Constitutional Law
9087-2018,W.P.(C) No.-000204 - 2018,Constitutional Law
34246-2010,C.A. No.-003152-003153 - 2011,Civil Law
60517-1966,- 0,Administrative/Service Law
63137-2007,- 0,Civil Law
34027-2012,C.A. No.-006116-006117 - 2016,Tax/Corporate Law
72237-1994,C.A. No.-004787-004787 - 1994,Constitutional Law
17243-2001,Crl.A. No.-000210-000210 - 2005,Tax/Corporate Law
2-6218,-,Constitutional Law
63139-2002,Crl.A. No.-000502-000502 - 2002,Tax/Corporate Law
21108-2018,C.A. No.-001622-001623 - 2022,Constitutional Law
5924-2000,C.A. No.-005969-005971 - 2001,Civil Law
1-9098,-,Constitutional Law
39715-2018,SLP(C) No.-031222 - 2018,Constitutional Law
36050-2011,Crl.A. No.-000822-000822 - 2012,Tax/Corporate Law
70869-1988,- 0,Civil Law
5895-2002,C.A. No.-003335-003335 - 2002,Constitutional Law
60190-1973,- 0,Administrative/Service Law
21551-2005,Crl.A. No.-000064-000064 - 2006,Tax/Corporate Law
34279-2011,Crl.A. No.-001918-001918 - 2013,Civil Law
25604-2007,C.A. No.-007237-007237 - 2008,Constitutional Law
16055-1997,Crl.A. No.-001207-001208 - 1997,Tax/Corporate Law
77595-1994,- 0,Tax/Corporate Law
15888-1998,C.A. No.-001930-001936 - 1999,Constitutional Law
-0,-,Criminal Law
68466-1984,- 0,Civil Law
21920-2008,Crl.A. No.-000438-000438 - 2009,Tax/Corporate Law
16013-1998,C.A. No.-004426-004426 - 1999,Civil Law
29519-2007,C.A. No.-010459-010459 - 2010,Constitutional Law
25505-2002,C.A. No.-001026-001026 - 2003,Constitutional Law
18251-2004,W.P.(C) No.-000465-000465 - 2004,Civil Law
104-1955,- 0,Administrative/Service Law
516-2008,C.A. No.-002332-002333 - 2008,Civil Law
82034-1993,Crl.A. No.-000761-000761 - 1993,Tax/Corporate Law
60067-1966,- 0,Administrative/Service Law
9911-2010,Crl.A. No.-000970-000970 - 2011,Tax/Corporate Law
7128-2007,C.A. No.-001250-001250 - 2007,Civil Law
70809-1988,- 0,Constitutional Law
189-1965,- 0,Administrative/Service Law
76125-1994,C.A. No.-006910-006911 - 1996,Constitutional Law
25-1951,- 0,Administrative/Service Law
19813-2016,Crl.A. No.-000483-000483 - 2019,Civil Law
10386-1994,C.A. No.-009856-009856 - 1995,Civil Law
14704-2014,C.A. No.-006163-006166 - 2016,Civil Law
60052-1970,- 0,Constitutional Law
-0,-,Criminal Law
60215-1966,- 0,Civil Law
40055-2016,CONMT.PET.(C) No.-040055-040055 - 2016,Constitutional Law
6677-2006,Crl.A. No.-000426-000426 - 2008,Tax/Corporate Law
27540-2006,C.A. No.-001892-001892 - 2007,Constitutional Law
13816-2007,C.A. No.-001119-001119 - 2010,Civil Law
80601-1996,- 0,Tax/Corporate Law
12123-2002,C.A. No.-007259-007259 - 2002,Civil Law
329-2005,C.A. No.-003536-003536 - 2006,Constitutional Law
19953-1999,C.A. No.-000086-000089 - 2000,Civil Law
19254-2005,C.A. No.-005783-005783 - 2006,Civil Law
69885-1986,- 0,Civil Law
79587-1991,Crl.A. No.-000385-000385 - 1991,Civil Law
18423-2008,Crl.A. No.-001522-001522 - 2008,Tax/Corporate Law
88-1962,- 0,Administrative/Service Law
12555-2020,C.A. No.-000104-000104 - 2021,Constitutional Law
11920-2003,C.A. No.-000419-000426 - 2004,Constitutional Law
63864-1982,- 0,Civil Law
29907-2007,Crl.A. No.-001315-001315 - 2009,Tax/Corporate Law
13846-2002,Crl.A. No.-001315-001315 - 2002,Tax/Corporate Law
17736-2001,C.A. No.-001339-001339 - 2003,Constitutional Law
10712-1994,C.A. No.-008760-008760 - 1994,Civil Law
17951-1998,C.A. No.-002699-002699 - 2001,Constitutional Law
72472-1989,- 0,Civil Law
77426-1996,C.A. No.-012509-012509 - 1996,Civil Law
1617-2008,C.A. No.-006076-006076 - 2009,Civil Law
14642-2007,C.A. No.-003282-003282 - 2008,Civil Law
71130-1987,- 0,Tax/Corporate Law
3936-2005,Crl.A. No.-000343-000343 - 2008,Civil Law
3179-2009,Crl.A. No.-001510-001510 - 2010,Tax/Corporate Law
9921-2022,C.A. No.-001347-001349 - 2023,Civil Law
39851-2014,C.A. No.-004476-004476 - 2016,Constitutional Law
23654-2004,C.A. No.-002568-002568 - 2006,Constitutional Law
60341-1969,- 0,Tax/Corporate Law
69060-1988,Crl.A. No.-000353-000353 - 1988,Tax/Corporate Law
17737-2005,C.A. No.-004562-004562 - 2007,Constitutional Law
36-1961,- 0,Administrative/Service Law
21813-2016,C.A. No.-002230-002230 - 2020,Administrative/Service Law
32374-2010,Crl.A. No.-000219-000219 - 2011,Civil Law
6277-2008,C.A. No.-001072-001072 - 2009,Civil Law
1423-1953,- 0,Administrative/Service Law
1253-2003,C.A. No.-000940-000940 - 2004,Civil Law
8212-2006,Crl.A. No.-000595-000595 - 2007,Tax/Corporate Law
69992-1986,- 0,Administrative/Service Law
63520-2002,Crl.A. No.-001312-001312 - 2002,Tax/Corporate Law
1870-2002,C.A. No.-001100-001100 - 2002,Civil Law
32943-2007,Crl.A. No.-001364-001364 - 2014,Tax/Corporate Law
36674-2011,W.P.(C) No.-000536-000536 - 2011,Constitutional Law
5890-2001,C.A. No.-001704-001704 - 2002,Civil Law
64180-1995,- 0,Civil Law
23415-2020,C.A. No.-003661-003662 - 2020,Constitutional Law
23290-2005,C.A. No.-002352-002354 - 2008,Civil Law
13843-2006,C.A. No.-004455-004455 - 2008,Constitutional Law
9429-2008,Crl.A. No.-001557-001557 - 2008,Civil Law
65050-1993,SLP(C) No.-004304-004304 - 1993,Civil Law
77567-1996,Crl.A. No.-000907-000907 - 1996,Tax/Corporate Law
34994-2018,C.A. No.-009597 - 2018,Civil Law
25855-2003,C.A. No.-001731-001731 - 2008,Constitutional Law
72384-1994,C.A. No.-008570-008570 - 1997,Civil Law
-0,-,Criminal Law
18063-2016,C.A. No.-008723-008723 - 2016,Civil Law
7024-2014,C.A. No.-012244-012244 - 2018,Constitutional Law
20746-2011,C.A. No.-002608-002608 - 2012,Constitutional Law
7644-2003,C.A. No.-003401-003401 - 2003,Civil Law
14304-2022,W.P.(C) No.-000341 - 2022,Constitutional Law
13195-2005,ARBIT.PETITON No.-000018-000018 - 2005,Civil Law
26364-2010,C.A. No.-008226-008227 - 2012,Constitutional Law
7824-1999,Crl.A. No.-001339-001340 - 1999,Tax/Corporate Law
65970-1983,- 0,Administrative/Service Law
10398-2008,C.A. No.-000256-000256 - 2014,Constitutional Law
26973-2022,C.A. No.-009008-009008 - 2022,Civil Law
28821-2005,C.A. No.-003054-003054 - 2006,Civil Law
14758-2021,C.A. No.-007557-007559 - 2021,Constitutional Law
26077-2015,CONMT.PET.(C) No.-026077-026077 - 2015,Constitutional Law
60165-1970,- 0,Tax/Corporate Law
72669-1994,C.A. No.-002500-002500 - 1994,Civil Law
60929-1976,- 0,Administrative/Service Law
264-1967,- 0,Administrative/Service Law
24571-2008,Crl.A. No.-000875-000875 - 2009,Tax/Corporate Law
38895-2010,Crl.A. No.-001703-001703 - 2011,Tax/Corporate Law
13700-1997,Crl.A. No.-000289-000293 - 1998,Civil Law
44473-2019,T.P.(C) No.-003053 - 2019,Civil Law
60376-1972,- 0,Tax/Corporate Law
2207-2000,C.A. No.-002537-002537 - 2001,Administrative/Service Law
72622-1989,- 0,Administrative/Service Law
27183-2008,C.A. No.-005674-005674 - 2009,Administrative/Service Law
6749-2007,Crl.A. No.-001250-001250 - 2007,Civil Law
9732-2009,C.A. No.-004342-004343 - 2010,Civil Law
6503-2012,C.A. No.-007946-007946 - 2012,Civil Law
14378-2006,Crl.A. No.-000898-000898 - 2007,Tax/Corporate Law
11457-2016,Crl.A. No.-000695-000695 - 2016,Tax/Corporate Law
8340-1998,Crl.A. No.-000656-000656 - 1998,Tax/Corporate Law
3905-1997,C.A. No.-003137-003137 - 1997,Civil Law
98-1955,- 0,Administrative/Service Law
5908-2021,C.A. No.-000988 - 2021,Civil Law
26877-2004,C.A. No.-009930-009930 - 2011,Civil Law
69768-1986,- 0,Tax/Corporate Law
255-1965,- 0,Tax/Corporate Law
90287-1954,- 0,Tax/Corporate Law
76066-1996,Crl.A. No.-000123-000123 - 1997,Tax/Corporate Law
60374-1966,- 0,Administrative/Service Law
18920-2017,W.P.(C) No.-000512 - 2017,Civil Law
-0,-,Criminal Law
18872-2008,C.A. No.-009589-009589 - 2010,Civil Law
-1428,-,Constitutional Law
63038-1982,C.A. No.-003093-003093 - 1982,Administrative/Service Law
68232-1988,C.A. No.-006626-006626 - 1995,Civil Law
113-1955,- 0,Administrative/Service Law
2002-2002,C.A. No.-002015-002015 - 2002,Civil Law
35827-2013,Crl.A. No.-001902-001902 - 2014,Tax/Corporate Law
81570-1992,C.A. No.-001875-001875 - 1992,Constitutional Law
65711-1983,C.A. No.-006251-006251 - 1983,Administrative/Service Law
18708-2017,C.A. No.-003239-003239 - 2019,Civil Law
19605-1994,W.P.(C) No.-000777-000777 - 1994,Constitutional Law
24-1950,- 0,Administrative/Service Law
39650-2012,C.A. No.-008643-008643 - 2012,Civil Law
6298-1998,SLP(C) No.-008368-008368 - 1998,Civil Law
29420-2007,C.A. No.-004820-004820 - 2007,Tax/Corporate Law
14025-1995,W.P.(C) No.-000657-000657 - 1995,Civil Law
63122-2007,- 0,Civil Law
14740-2001,Crl.A. No.-001263-001263 - 2001,Tax/Corporate Law
32426-2010,Crl.A. No.-001554-001557 - 2011,Tax/Corporate Law
60384-1974,- 0,Civil Law
5937-2017,C.A. No.-006356-006356 - 2017,Civil Law
41-1962,- 0,Administrative/Service Law
18652-2003,C.A. No.-005270-005270 - 2004,Administrative/Service Law
65958-1983,- 0,Administrative/Service Law
14999-2005,C.A. No.-001120-001120 - 2007,Constitutional Law
90382-1978,- 0,Administrative/Service Law
19174-2010,C.A. No.-008703-008703 - 2010,Civil Law
106-1955,- 0,Administrative/Service Law
166-1965,- 0,Administrative/Service Law
17519-2008,Crl.A. No.-000224-000224 - 2009,Tax/Corporate Law
60203-1968,- 0,Administrative/Service Law
19075-2003,Crl.A. No.-000827-000827 - 2004,Tax/Corporate Law
10907-1994,C.A. No.-007784-007785 - 1996,Civil Law
7429-2013,SLP(C) No.-011801-011801 - 2013,Civil Law
35240-2007,Crl.A. No.-000861-000861 - 2009,Tax/Corporate Law
17372-2000,C.A. No.-002609-002610 - 2003,Civil Law
66035-1984,C.A. No.-006493-006493 - 1994,Constitutional Law
-0,-,Criminal Law
60340-1969,- 0,Administrative/Service Law
36521-2008,C.A. No.-006257-006257 - 2009,Civil Law
63734-1981,- 0,Civil Law
16068-2009,Crl.A. No.-001827-001827 - 2009,Tax/Corporate Law
16693-2016,C.A. No.-000885-000885 - 2018,Civil Law
281-1967,- 0,Administrative/Service Law
10253-2004,C.A. No.-002871-002871 - 2008,Civil Law
32705-2013,C.A. No.-011176-011176 - 2013,Constitutional Law
22203-2012,C.A. No.-004678-004678 - 2021,Civil Law
63396-1980,- 0,Civil Law
4471-2011,C.A. No.-006634-006634 - 2012,Constitutional Law
22106-2001,C.A. No.-004773-004773 - 2009,Civil Law
3051-2005,Crl.A. No.-000656-000656 - 2005,Tax/Corporate Law
60217-1971,- 0,Constitutional Law
60078-1971,- 0,Administrative/Service Law
462-2007,C.A. No.-001368-001368 - 2007,Constitutional Law
237-1963,- 0,Administrative/Service Law
26484-2017,C.A. No.-009076-009076 - 2019,Constitutional Law
1326-2005,C.A. No.-002335-002335 - 2006,Civil Law
6254-2003,C.A. No.-007160-007160 - 2005,Civil Law
50878-2023,Crl.A. No.-000478-000478 - 2024,Tax/Corporate Law
60505-1966,- 0,Constitutional Law
10211-2010,Crl.A. No.-000157-000157 - 2011,Tax/Corporate Law
60215-2005,W.P.(C) No.-000289-000289 - 2005,Constitutional Law
71069-1987,- 0,Constitutional Law
14916-2010,C.A. No.-008545-008546 - 2010,Civil Law
30838-2006,C.A. No.-003034-003034 - 2008,Civil Law
13294-2010,C.A. No.-001785-001785 - 2014,Constitutional Law
2872-2005,C.A. No.-002153-002153 - 2006,Civil Law
24802-2013,ARBIT.PETITON No.-000027-000027 - 2013,Civil Law
7494-2021,T.P.(C) No.-000618 - 2021,Civil Law
6776-2005,C.A. No.-005608-005608 - 2006,Civil Law
75619-1994,W.P.(Crl.) No.-000203-000203 - 1994,Tax/Corporate Law
22159-2007,C.A. No.-004453-004453 - 2008,Civil Law
34-1952,- 0,Administrative/Service Law
19907-2008,C.A. No.-005173-005173 - 2008,Civil Law
-0,-,Criminal Law
15491-2006,Crl.A. No.-000841-000841 - 2008,Tax/Corporate Law
-0,-,Criminal Law
63120-1981,Crl.A. No.-000572-000572 - 1981,Tax/Corporate Law
66121-1983,- 0,Civil Law
3939-2008,C.A. No.-002420-002420 - 2011,Constitutional Law
71-1952,- 0,Administrative/Service Law
30798-2019,C.A. No.-007691-007694 - 2022,Civil Law
521-2005,C.A. No.-003971-003971 - 2006,Civil Law
249-1967,- 0,Administrative/Service Law
28974-2005,C.A. No.-004912-004912 - 2006,Civil Law
-0,-,Criminal Law
29086-2019,C.A. No.-006350 - 2019,Civil Law
63809-1981,- 0,Tax/Corporate Law
72606-1989,- 0,Tax/Corporate Law
2654-2008,ARBIT.PETITON No.-000014-000014 - 2008,Civil Law
25204-2012,C.A. No.-004270-004271 - 2016,Civil Law
14160-2005,C.A. No.-004890-004890 - 2007,Civil Law
18373-2003,C.A. No.-007518-007519 - 2004,Civil Law
20844-1997,Crl.A. No.-001262-001262 - 1997,Tax/Corporate Law
23052-2010,SLP(C) No.-021142-021142 - 2010,Constitutional Law
11754-2005,W.P.(C) No.-000257-000257 - 2005,Constitutional Law
1069-2009,Crl.A. No.-000597-000597 - 2010,Tax/Corporate Law
29117-2017,C.A. No.-004249-004249 - 2018,Civil Law
10172-2000,Crl.A. No.-000654-000655 - 2000,Tax/Corporate Law
23752-2009,C.A. No.-002706-002716 - 2013,Civil Law
60132-1957,- 0,Administrative/Service Law
11311-2009,Crl.A. No.-001669-001669 - 2009,Tax/Corporate Law
40926-2016,Crl.A. No.-000227-000227 - 2017,Civil Law
5022-2012,Crl.A. No.-001726-001726 - 2015,Tax/Corporate Law
60401-1966,- 0,Administrative/Service Law
3414-2007,Crl.A. No.-000179-000179 - 2007,Tax/Corporate Law
12309-2006,C.A. No.-006510-006510 - 2009,Constitutional Law
58-1950,- 0,Tax/Corporate Law
13346-2015,C.A. No.-020982-020982 - 2017,Civil Law
19092-2013,W.P.(C) No.-000444-000444 - 2013,Constitutional Law
12646-2007,C.A. No.-001079-001079 - 2009,Civil Law
24210-2008,Crl.A. No.-001003-001004 - 2009,Civil Law
14502-2012,C.A. No.-001086-001086 - 2015,Civil Law
63243-1980,- 0,Administrative/Service Law
60019-1969,- 0,Tax/Corporate Law
17875-2019,Crl.A. No.-000569-000569 - 2021,Tax/Corporate Law
8658-2012,C.A. No.-006273-006273 - 2013,Civil Law
-0,Appeal (crl.)  197 of 198 197_198 -,Criminal Law
77153-1990,- 0,Tax/Corporate Law
60272-1969,- 0,Tax/Corporate Law
176-1965,- 0,Administrative/Service Law
60062-1969,- 0,Constitutional Law
5192-2003,Crl.A. No.-000325-000325 - 2003,Tax/Corporate Law
60068-1970,- 0,Tax/Corporate Law
35210-2007,C.A. No.-003241-003241 - 2009,Civil Law
2813-1998,C.A. No.-006468-006468 - 1998,Civil Law
2954-2008,Crl.A. No.-001405-001405 - 2008,Tax/Corporate Law
10391-2002,Crl.A. No.-000825-000825 - 2002,Tax/Corporate Law
17726-2002,9999 No.-000426-000426 - 2002,Civil Law
82020-1993,Crl.A. No.-000587-000587 - 1994,Tax/Corporate Law
10055-2008,C.A. No.-001135-001135 - 2009,Civil Law
9172-2004,Crl.A. No.-000822-000822 - 2005,Tax/Corporate Law
8761-2016,C.A. No.-006857-006857 - 2022,Civil Law
18143-2002,C.A. No.-007352-007352 - 2002,Civil Law
31402-2010,SLP(C) No.-001118-001118 - 2011,Civil Law
31008-2022,Crl.A. No.-001926-001926 - 2022,Tax/Corporate Law
5701-2000,Crl.A. No.-000300-000300 - 2001,Tax/Corporate Law
7599-2007,C.A. No.-001575-001575 - 2007,Civil Law
68286-1988,C.A. No.-000778-000778 - 1988,Tax/Corporate Law
4464-1998,R.P.(C) No.-000839-000839 - 1998,Civil Law
69881-1986,- 0,Constitutional Law
51-1950,- 0,Administrative/Service Law
9037-2014,C.A. No.-014015-014015 - 2015,Civil Law
17718-2015,C.A. No.-008543-008543 - 2016,Civil Law
71084-1987,- 0,Tax/Corporate Law
60520-1966,- 0,Administrative/Service Law
79025-1996,Crl.A. No.-001968-001968 - 1996,Civil Law
7709-1999,C.A. No.-006323-006325 - 1999,Civil Law
-0,-,Criminal Law
78239-1991,C.A. No.-009697-009697 - 1995,Administrative/Service Law
13923-2017,SLP(Crl) No.-003851-003851 - 2017,Civil Law
60369-1966,- 0,Administrative/Service Law
1951-2002,C.A. No.-007277-007277 - 2002,Civil Law
60610-1975,- 0,Tax/Corporate Law
65824-1983,C.A. No.-010215-010216 - 1983,Civil Law
6149-2001,C.A. No.-000105-000105 - 2002,Civil Law
78109-1996,C.A. No.-010379-010379 - 1996,Civil Law
87186-1992,- 0,Civil Law
67067-1985,- 0,Civil Law
29469-2016,C.A. No.-003169-003169 - 2017,Civil Law
17599-2005,C.A. No.-005269-005269 - 2006,Constitutional Law
2997-1995,W.P.(C) No.-000202-000202 - 1995,Civil Law
47520-2018,Crl.A. No.-001709-001710 - 2019,Tax/Corporate Law
3877-2006,Crl.A. No.-000604-000604 - 2006,Tax/Corporate Law
255-1963,- 0,Constitutional Law
12215-1995,C.A. No.-010310-010310 - 1995,Civil Law
-0,-,Criminal Law
24657-2007,C.A. No.-004217-004218 - 2008,Civil Law
32126-2007,C.A. No.-001349-001349 - 2009,Civil Law
15959-2015,SLP(C) No.-015043-015043 - 2015,Constitutional Law
18402-2008,C.A. No.-005855-005855 - 2009,Constitutional Law
4394-2003,C.A. No.-006756-006756 - 2003,Civil Law
2722-2007,C.A. No.-006103-006103 - 2008,Civil Law
25127-2013,C.A. No.-006614-006614 - 2014,Constitutional Law
10789-2000,Crl.A. No.-000209-000209 - 2001,Tax/Corporate Law
1975-2004,Crl.A. No.-000393-000394 - 2004,Tax/Corporate Law
10684-1998,C.A. No.-005043-005043 - 1999,Constitutional Law
60395-1966,- 0,Civil Law
15730-2003,C.A. No.-007016-007016 - 2004,Constitutional Law
20599-2012,C.A. No.-001349-001349 - 2018,Civil Law
44429-2019,Crl.A. No.-000543-000543 - 2020,Tax/Corporate Law
2734-2013,Crl.A. No.-002267-002267 - 2014,Tax/Corporate Law
27972-2014,C.A. No.-011948-011950 - 2016,Constitutional Law
60327-1971,- 0,Administrative/Service Law
1510-2001,C.A. No.-002576-002576 - 2001,Civil Law
37681-2007,Crl.A. No.-001626-001626 - 2008,Tax/Corporate Law
12971-2001,C.A. No.-004491-004491 - 2002,Administrative/Service Law
67411-1986,C.A. No.-001969-001969 - 1986,Constitutional Law
9851-2000,C.A. No.-002937-002937 - 2002,Constitutional Law
612-2005,C.A. No.-002470-002470 - 2007,Civil Law
13245-2003,C.A. No.-006341-006342 - 2003,Constitutional Law
17499-2008,Crl.A. No.-000956-000956 - 2012,Tax/Corporate Law
60821-1976,- 0,Administrative/Service Law
60068-1957,- 0,Administrative/Service Law
17748-2002,C.A. No.-006799-006799 - 2003,Civil Law
14298-2000,C.A. No.-000821-000821 - 2002,Constitutional Law
30938-2006,C.A. No.-001473-001473 - 2008,Constitutional Law
19254-2005,C.A. No.-005783-005783 - 2006,Civil Law
82289-1993,C.A. No.-009802-009807 - 1995,Civil Law
14340-2002,C.A. No.-005912-005912 - 2002,Civil Law
69697-1986,- 0,Constitutional Law
20402-1996,C.A. No.-004796-004796 - 1997,Civil Law
60294-1971,- 0,Tax/Corporate Law
30420-2006,C.A. No.-005906-005906 - 2006,Civil Law
29613-2009,C.A. No.-004020-004020 - 2010,Civil Law
26302-2010,C.A. No.-008399-008399 - 2015,Civil Law
63905-1982,- 0,Civil Law
17621-2020,Crl.A. No.-000644-000644 - 2022,Civil Law
39337-2012,C.A. No.-008379-008379 - 2014,Constitutional Law
65991-1983,- 0,Administrative/Service Law
-0,Appeal (crl.)  197 of 198 197_198 -,Criminal Law
60313-1966,- 0,Administrative/Service Law
9981-2011,C.A. No.-005877-005878 - 2014,Constitutional Law
60393-1969,- 0,Administrative/Service Law
4908-2007,C.A. No.-006818-006818 - 2009,Civil Law
22598-2007,C.A. No.-001807-001808 - 2009,Civil Law
68020-1988,C.A. No.-003304-003304 - 1988,Administrative/Service Law
3121-2011,Crl.A. No.-000859-000859 - 2011,Tax/Corporate Law
33020-2010,C.A. No.-005217-005217 - 2011,Civil Law
63225-1980,- 0,Constitutional Law
69-1962,- 0,Administrative/Service Law
6792-2003,C.A. No.-007953-007953 - 2004,Constitutional Law
60077-1968,- 0,Tax/Corporate Law
21108-2000,C.A. No.-000754-000754 - 2001,Civil Law
21400-1997,Crl.A. No.-000736-000737 - 1998,Civil Law
77635-1994,- 0,Civil Law
90234-2006,- 0,Civil Law
76202-1994,C.A. No.-009168-009168 - 1996,Administrative/Service Law
15903-2020,Crl.A. No.-000090-000093 - 2022,Tax/Corporate Law
64133-2008,Crl.A. No.-000281-000281 - 2010,Tax/Corporate Law
3283-2012,C.A. No.-005867-005867 - 2015,Civil Law
39502-2010,C.A. No.-007761-007761 - 2013,Constitutional Law
12242-1998,Crl.A. No.-000957-000957 - 1998,Tax/Corporate Law
63874-1982,- 0,Administrative/Service Law
8868-2002,Crl.A. No.-001015-001015 - 2002,Tax/Corporate Law
67296-1986,C.A. No.-005816-005816 - 1994,Civil Law
27756-2017,W.P.(C) No.-000935 - 2017,Constitutional Law
6659-2000,Crl.A. No.-000596-000596 - 2000,Civil Law
26920-2005,C.A. No.-004784-004784 - 2007,Constitutional Law
90495-1964,- 0,Administrative/Service Law
211-1959,- 0,Administrative/Service Law
26604-2006,C.A. No.-001787-001787 - 2009,Civil Law
14752-2006,C.A. No.-008151-008151 - 2009,Constitutional Law
12373-2004,C.A. No.-000613-000613 - 2005,Constitutional Law
21907-2007,C.A. No.-004981-004981 - 2007,Civil Law
7553-2009,C.A. No.-002844-002844 - 2011,Civil Law
17705-2016,C.A. No.-012683-012683 - 2017,Constitutional Law
4347-1995,C.A. No.-015576-015576 - 1996,Constitutional Law
60127-1968,- 0,Administrative/Service Law
19969-1994,Crl.A. No.-000486-000487 - 1995,Tax/Corporate Law
60295-1968,- 0,Administrative/Service Law
62076-1997,- 0,Civil Law
10111-1994,C.A. No.-005130-005130 - 1996,Civil Law
60101-1970,- 0,Civil Law
60191-1972,- 0,Administrative/Service Law
25751-2009,C.A. No.-006332-006333 - 2009,Tax/Corporate Law
73885-1990,C.A. No.-004375-004375 - 1991,Constitutional Law
8905-2003,C.A. No.-004482-004482 - 2003,Constitutional Law
40618-2019,Crl.A. No.-000084-000084 - 2022,Tax/Corporate Law
27546-2011,C.A. No.-000506-000506 - 2016,Civil Law
21068-2008,Crl.A. No.-000889-000889 - 2009,Tax/Corporate Law
9232-2001,Crl.A. No.-000092-000092 - 2002,Constitutional Law
17841-1998,C.A. No.-006498-006498 - 1998,Civil Law
12994-2007,C.A. No.-006582-006582 - 2008,Civil Law
159-1955,- 0,Administrative/Service Law
92-1963,- 0,Administrative/Service Law
60223-1969,- 0,Constitutional Law
18245-2008,Crl.A. No.-000636-000636 - 2009,Tax/Corporate Law
78678-1991,C.A. No.-003041-003046 - 1991,Civil Law
70312-1996,SLP(C) No.-020703-020703 - 1996,Civil Law
70712-1988,- 0,Administrative/Service Law
63080-1981,W.P.(C) No.-001732-001732 - 1981,Civil Law
70846-1988,- 0,Tax/Corporate Law
1474-1953,- 0,Administrative/Service Law
18127-2014,C.A. No.-001655-001655 - 2015,Civil Law
14294-2003,C.A. No.-000694-000695 - 2005,Constitutional Law
22535-2017,C.A. No.-008398-008399 - 2019,Civil Law
40273-2010,C.A. No.-000345-000350 - 2012,Civil Law
200452-1993,C.A. No.-000640-000640 - 1993,Constitutional Law
75697-1994,C.A. No.-002502-002502 - 1994,Civil Law
10599-1999,C.A. No.-004365-004365 - 2000,Civil Law
136-2002,C.A. No.-005647-005647 - 2006,Civil Law
62052-1997,- 0,Constitutional Law
37568-2011,Crl.A. No.-000521-000521 - 2012,Civil Law
-0,-,Criminal Law
9161-2011,C.A. No.-002263-002263 - 2013,Civil Law
1069-1996,C.A. No.-004566-004567 - 1996,Civil Law
15886-2002,Crl.A. No.-000957-000957 - 2003,Tax/Corporate Law
18647-2018,C.A. No.-004823-004823 - 2021,Civil Law
8347-2001,C.A. No.-007552-007552 - 2002,Civil Law
3484-1997,C.A. No.-005418-005420 - 1997,Civil Law
6616-1999,C.A. No.-006707-006707 - 1999,Civil Law
15556-2009,C.A. No.-004060-004060 - 2009,Constitutional Law
18050-2000,C.A. No.-008050-008050 - 2001,Constitutional Law
1552-1995,W.P.(C) No.-000066-000066 - 1995,Civil Law
19750-1996,Crl.A. No.-000097-000100 - 1997,Tax/Corporate Law
164-1962,- 0,Administrative/Service Law
2521-1998,C.A. No.-004501-004501 - 1998,Constitutional Law
11562-1997,C.A. No.-000781-000783 - 1998,Constitutional Law
63088-2007,- 0,Civil Law
69991-1986,- 0,Administrative/Service Law
2239-2009,Crl.A. No.-000376-000376 - 2010,Tax/Corporate Law
60276-1970,- 0,Civil Law
14132-2000,C.A. No.-004419-004419 - 2001,Civil Law
200654-1993,C.A. No.-000336-000336 - 1993,Constitutional Law
118-1962,- 0,Administrative/Service Law
9615-1995,C.A. No.-007357-007357 - 1996,Constitutional Law
235-1967,- 0,Tax/Corporate Law
25091-2007,C.A. No.-001967-001967 - 2009,Civil Law
89232-1993,C.A. No.-002413-002413 - 1996,Civil Law
6789-2022,C.A. No.-000235-000236 - 2024,Civil Law
28050-2007,Crl.A. No.-000228-000228 - 2009,Civil Law
61683-1977,- 0,Constitutional Law
17900-2003,C.A. No.-007135-007135 - 2003,Civil Law
67564-1996,SLP(C) No.-018584-018584 - 1996,Constitutional Law
22333-2010,Crl.A. No.-000827-000827 - 2011,Tax/Corporate Law
60211-1969,- 0,Administrative/Service Law
16030-1995,C.A. No.-011935-011935 - 1996,Civil Law
60351-1973,- 0,Tax/Corporate Law
90513-1964,- 0,Tax/Corporate Law
28385-2008,Crl.A. No.-001446-001446 - 2009,Tax/Corporate Law
14625-2022,C.A. No.-003659-003660 - 2023,Civil Law
26667-2009,Crl.A. No.-000716-000716 - 2010,Civil Law
63848-1982,- 0,Administrative/Service Law
22140-2013,C.A. No.-002572-002573 - 2014,Civil Law
16411-2015,Crl.A. No.-001094-001094 - 2018,Tax/Corporate Law
24844-2012,Crl.A. No.-000397-000397 - 2013,Civil Law
73987-1991,C.A. No.-005450-005450 - 1994,Constitutional Law
31975-2008,C.A. No.-004429-004429 - 2009,Civil Law
15085-2005,C.A. No.-002727-002727 - 2008,Constitutional Law
26752-2019,Crl.A. No.-001903-001903 - 2019,Tax/Corporate Law
-0,-,Criminal Law
5134-2000,Crl.A. No.-000918-000919 - 2001,Tax/Corporate Law
60262-1966,- 0,Administrative/Service Law
4241-2017,Crl.A. No.-000164-000164 - 2018,Civil Law
8936-2020,Crl.A. No.-000699-000699 - 2020,Civil Law
5759-2011,Crl.A. No.-000792-000793 - 2013,Tax/Corporate Law
9227-2022,C.A. No.-007181-007181 - 2022,Civil Law
16579-1996,SLP(C) No.-006175-006175 - 1997,Constitutional Law
27036-2004,Crl.A. No.-001242-001242 - 2007,Tax/Corporate Law
310-1963,- 0,Administrative/Service Law
19072-2000,C.A. No.-003166-003166 - 2002,Constitutional Law
17188-2008,Crl.A. No.-001492-001492 - 2009,Civil Law
18248-2000,C.A. No.-006465-006475 - 2001,Administrative/Service Law
26325-2012,Crl.A. No.-000809-000809 - 2013,Tax/Corporate Law
11106-2003,Crl.A. No.-001180-001180 - 2004,Tax/Corporate Law
60486-1975,- 0,Administrative/Service Law
14942-2008,Crl.A. No.-000157-000157 - 2009,Civil Law
14609-2015,C.A. No.-005598-005598 - 2017,Civil Law
33189-2012,Crl.A. No.-000247-000247 - 2016,Tax/Corporate Law
11484-1999,Crl.A. No.-000345-000345 - 2000,Tax/Corporate Law
37973-2011,C.A. No.-008972-008973 - 2014,Civil Law
4147-2005,C.A. No.-004249-004249 - 2006,Constitutional Law
5863-2016,C.A. No.-001686-001687 - 2016,Civil Law
60630-1979,W.P.(C) No.-000079-000079 - 1979,Constitutional Law
-0,-,Criminal Law
8453-1995,C.A. No.-004177-004177 - 1996,Constitutional Law
259-1962,- 0,Administrative/Service Law
10702-2015,W.P.(Crl.) No.-000099-000099 - 2015,Civil Law
20468-1997,C.A. No.-000689-000689 - 1998,Civil Law
28915-2005,C.A. No.-005159-005159 - 2007,Civil Law
15396-2017,Crl.A. No.-000759-000759 - 2019,Tax/Corporate Law
60278-1973,- 0,Administrative/Service Law
25615-2008,Crl.A. No.-002034-002034 - 2008,Civil Law
5722-1997,SLP(C) No.-007734-007734 - 1997,Civil Law
9570-1997,W.P.(C) No.-000290-000290 - 1997,Constitutional Law
326-1967,- 0,Administrative/Service Law
65689-1983,-,Civil Law
14649-2012,C.A. No.-010933-010933 - 2013,Civil Law
12289-2006,C.A. No.-002837-002837 - 2008,Civil Law
-0,-,Criminal Law
33931-2012,C.A. No.-006997-006997 - 2013,Civil Law
13198-2015,C.A. No.-005690-005691 - 2017,Civil Law
2256-2001,Crl.A. No.-000540-000540 - 2002,Tax/Corporate Law
90264-1978,- 0,Constitutional Law
428-2015,W.P.(C) No.-000063-000063 - 2015,Constitutional Law
10142-2011,C.A. No.-003203-003203 - 2012,Civil Law
5783-2006,C.A. No.-000803-000803 - 2008,Civil Law
17145-1999,C.A. No.-004123-004124 - 2002,Civil Law
15160-2007,C.A. No.-003038-003038 - 2007,Civil Law
4818-2010,C.A. No.-005394-005394 - 2010,Civil Law
315-1963,- 0,Administrative/Service Law
60396-1968,- 0,Administrative/Service Law
60395-1975,C.A. No.-001208-001209 - 1975,Civil Law
75526-1990,C.A. No.-010699-010722 - 1995,Civil Law
18370-2003,C.A. No.-003610-003612 - 2007,Civil Law
13439-2020,ARBIT.PETITON No.-000017 - 2020,Civil Law
60212-1971,- 0,Constitutional Law
18352-2015,Crl.A. No.-000831-000831 - 2015,Tax/Corporate Law
-0,-,Criminal Law
2695-1997,C.A. No.-001647-001647 - 1997,Constitutional Law
60532-1975,- 0,Administrative/Service Law
23979-2009,R.P.(C) No.-001378-001378 - 2009,Tax/Corporate Law
69722-1986,- 0,Civil Law
60142-1968,- 0,Administrative/Service Law
103-1960,- 0,Administrative/Service Law
5155-1999,C.A. No.-002769-002769 - 1999,Constitutional Law
1111-1998,C.A. No.-003355-003355 - 1998,Constitutional Law
60365-2012,- 0,Tax/Corporate Law
20256-2001,Crl.A. No.-000491-000491 - 2002,Tax/Corporate Law
8381-2001,Crl.A. No.-001009-001010 - 2001,Tax/Corporate Law
15163-2008,C.A. No.-001955-001955 - 2014,Civil Law
72430-1989,- 0,Administrative/Service Law
76745-1991,W.P.(Crl.) No.-000105-000105 - 1991,Tax/Corporate Law
87167-1992,- 0,Administrative/Service Law
60648-2004,Crl.A. No.-001348-001348 - 2004,Tax/Corporate Law
10555-2003,ORGNL.SUIT No.-000005-000005 - 2003,Civil Law
69948-1986,- 0,Tax/Corporate Law
4764-2000,C.A. No.-002720-002720 - 2000,Constitutional Law
70822-1988,- 0,Constitutional Law
28214-2008,Crl.A. No.-001082-001085 - 2009,Tax/Corporate Law
21226-2005,C.A. No.-004347-004347 - 2007,Constitutional Law
10302-2000,SLP(C) No.-012883-012884 - 2000,Civil Law
36547-2016,C.A. No.-000937-000937 - 2019,Civil Law
88984-1993,C.A. No.-007510-007510 - 1995,Constitutional Law
41254-2013,Crl.A. No.-000560-000560 - 2014,Tax/Corporate Law
14515-2022,C.A. No.-001167-001170 - 2023,Civil Law
17041-2010,Crl.A. No.-000345-000346 - 2012,Tax/Corporate Law
19894-2000,Crl.A. No.-001230-001230 - 2001,Tax/Corporate Law
6748-2005,Crl.A. No.-001131-001131 - 2007,Constitutional Law
22324-2001,C.A. No.-005665-005665 - 2002,Civil Law
60577-1975,- 0,Tax/Corporate Law
31061-2007,C.A. No.-006038-006039 - 2007,Civil Law
63221-1980,- 0,Administrative/Service Law
7471-2008,C.A. No.-002790-002790 - 2012,Civil Law
27302-2003,Crl.A. No.-000785-000785 - 2004,Tax/Corporate Law
1169-1999,C.A. No.-000691-000691 - 2001,Constitutional Law
60265-1973,- 0,Constitutional Law
16233-2002,C.A. No.-005849-005850 - 2002,Civil Law
74904-1994,C.A. No.-006238-006239 - 1994,Civil Law
20297-2001,C.A. No.-008213-008213 - 2001,Tax/Corporate Law
39949-2017,C.A. No.-001615-001615 - 2023,Civil Law
20359-2003,Crl.A. No.-000784-000784 - 2004,Tax/Corporate Law
60055-1966,- 0,Constitutional Law
60420-1972,- 0,Civil Law
16641-2004,C.A. No.-004226-004226 - 2006,Civil Law
23757-2005,C.A. No.-007234-007234 - 2008,Civil Law
141-1956,- 0,Administrative/Service Law
87195-1992,- 0,Tax/Corporate Law
7156-2007,C.A. No.-000318-000318 - 2009,Constitutional Law
29771-2007,Crl.A. No.-000963-000963 - 2010,Tax/Corporate Law
7120-2014,C.A. No.-012245-012245 - 2018,Constitutional Law
60133-1957,- 0,Administrative/Service Law
71238-1987,- 0,Constitutional Law
77080-1990,- 0,Constitutional Law
76477-1996,Crl.A. No.-000743-000743 - 1996,Tax/Corporate Law
34415-2008,Crl.A. No.-002135-002135 - 2009,Tax/Corporate Law
60218-1973,- 0,Tax/Corporate Law
60259-1966,- 0,Tax/Corporate Law
19257-2009,C.A. No.-000166-000166 - 2016,Civil Law
22857-2004,C.A. No.-007872-007872 - 2004,Constitutional Law
32991-2009,C.A. No.-001778-001778 - 2010,Civil Law
496-2005,C.A. No.-004126-004126 - 2006,Civil Law
13336-2006,W.P.(C) No.-000265-000265 - 2006,Constitutional Law
76062-1996,C.A. No.-004261-004261 - 2001,Civil Law
62247-1991,W.P.(C) No.-000439-000439 - 1992,Civil Law
13802-2011,C.A. No.-005040-005040 - 2014,Civil Law
25022-2005,C.A. No.-004746-004746 - 2008,Civil Law
18230-2005,C.A. No.-002333-002333 - 2006,Civil Law
10571-2010,Crl.A. No.-000849-000850 - 2011,Civil Law
12745-2009,C.A. No.-001642-001642 - 2011,Civil Law
67074-1985,- 0,Tax/Corporate Law
10296-2007,Crl.A. No.-000210-000210 - 2008,Tax/Corporate Law
26115-2004,C.A. No.-000619-000619 - 2005,Civil Law
27918-2007,Crl.A. No.-000597-000597 - 2009,Tax/Corporate Law
240-1965,- 0,Administrative/Service Law
40804-2015,CONMT.PET.(C) No.-000853-000855 - 2015,Civil Law
66110-1983,- 0,Tax/Corporate Law
7339-2006,C.A. No.-002694-002694 - 2006,Civil Law
20343-2022,Crl.A. No.-001695-001695 - 2022,Tax/Corporate Law
7389-1994,C.A. No.-015704-015704 - 1996,Constitutional Law
21296-2005,Crl.A. No.-000416-000416 - 2009,Civil Law
29076-2020,C.A. No.-000055-000055 - 2022,Constitutional Law
1411-1953,- 0,Administrative/Service Law
27536-2015,C.A. No.-005965-005966 - 2016,Civil Law
60076-1970,- 0,Civil Law
84-1955,- 0,Tax/Corporate Law
36170-2011,Crl.A. No.-000348-000348 - 2012,Tax/Corporate Law
5753-2013,C.A. No.-002666-002666 - 2013,Civil Law
35006-2015,C.A. No.-003912-003912 - 2019,Civil Law
63922-2002,Crl.A. No.-001025-001025 - 2002,Tax/Corporate Law
60826-1976,- 0,Tax/Corporate Law
8429-2001,C.A. No.-000827-000827 - 2002,Civil Law
162-1958,- 0,Administrative/Service Law
31052-2017,Crl.A. No.-001383-001383 - 2018,Tax/Corporate Law
9251-2006,Crl.A. No.-000016-000016 - 2007,Tax/Corporate Law
77134-1990,- 0,Constitutional Law
25570-2003,Crl.A. No.-000007-000007 - 2005,Tax/Corporate Law
18613-2017,C.A. No.-002612-002612 - 2020,Civil Law
2729-2009,C.A. No.-001159-001159 - 2009,Civil Law
60277-1970,- 0,Constitutional Law
61771-1997,C.A. No.-004388-004388 - 1997,Civil Law
827-2017,Crl.A. No.-001580-001580 - 2017,Civil Law
62887-1979,- 0,Tax/Corporate Law
6711-1998,C.A. No.-005914-005914 - 1998,Civil Law
26287-2005,C.A. No.-000312-000312 - 2006,Civil Law
19140-2008,C.A. No.-002868-002868 - 2012,Constitutional Law
36537-2018,Crl.A. No.-000121 - 2019,Tax/Corporate Law
36689-2019,Crl.A. No.-001051-001051 - 2022,Civil Law
11654-1999,C.A. No.-004703-004703 - 1999,Administrative/Service Law
22883-2015,C.A. No.-003896-003897 - 2016,Civil Law
60260-1968,- 0,Administrative/Service Law
10425-2004,C.A. No.-001389-001389 - 2006,Constitutional Law
17481-2018,C.A. No.-001514-001514 - 2023,Constitutional Law
25163-2006,C.A. No.-000735-000735 - 2008,Civil Law
19781-2019,C.A. No.-003976-003977 - 2020,Civil Law
66923-1985,- 0,Civil Law
62685-1979,- 0,Civil Law
2346-2011,C.A. No.-002047-002048 - 2011,Civil Law
63672-2002,Crl.A. No.-000574-000574 - 2003,Tax/Corporate Law
8009-1999,C.A. No.-000200-000200 - 2000,Civil Law
23127-2013,C.A. No.-009927-009928 - 2014,Civil Law
23692-2005,C.A. No.-007607-007607 - 2005,Civil Law
33908-2011,C.A. No.-000712-000713 - 2015,Constitutional Law
20387-2000,Crl.A. No.-000271-000271 - 2002,Tax/Corporate Law
4741-1999,C.A. No.-003965-003965 - 1999,Civil Law
8064-2009,T.P.(C) No.-000351-000351 - 2009,Civil Law
15034-2001,C.A. No.-007336-007336 - 2002,Civil Law
28435-2006,C.A. No.-004176-004176 - 2008,Constitutional Law
27910-2004,Crl.A. No.-000349-000349 - 2005,Tax/Corporate Law
12322-2016,C.A. No.-004603-004603 - 2016,Civil Law
18597-2020,W.P.(Crl.) No.-000261 - 2020,Tax/Corporate Law
60472-1975,- 0,Administrative/Service Law
16906-2005,C.A. No.-001945-001945 - 2007,Civil Law
60393-1968,- 0,Administrative/Service Law
14201-2006,SLP(C) No.-015106-015106 - 2006,Civil Law
14791-1997,C.A. No.-007463-007463 - 1997,Civil Law
35690-2018,C.A. No.-003256-003256 - 2019,Civil Law
67126-1985,- 0,Civil Law
66101-1983,- 0,Administrative/Service Law
63913-1982,- 0,Tax/Corporate Law
1501-2014,C.A. No.-003047-003047 - 2015,Constitutional Law
5828-2019,C.A. No.-001929 - 2019,Civil Law
61771-1977,- 0,Administrative/Service Law
42673-2014,C.A. No.-004920-004921 - 2022,Constitutional Law
30633-2006,Crl.A. No.-000428-000428 - 2009,Tax/Corporate Law
19765-2013,C.A. No.-002749-002750 - 2018,Civil Law
12799-1997,C.A. No.-005142-005142 - 1998,Civil Law
29071-2017,Crl.A. No.-000414-000414 - 2019,Tax/Corporate Law
60040-1957,- 0,Administrative/Service Law
2989-2007,C.A. No.-000755-000755 - 2009,Civil Law
5414-2007,C.A. No.-000095-000095 - 2009,Administrative/Service Law
2157-1995,C.A. No.-005333-005333 - 1996,Constitutional Law
62107-1997,- 0,Constitutional Law
63783-1981,- 0,Administrative/Service Law
250-1965,- 0,Administrative/Service Law
-0,-,Criminal Law
2280-2006,Crl.A. No.-000283-000283 - 2007,Tax/Corporate Law
69681-1986,- 0,Tax/Corporate Law
7663-2015,C.A. No.-008245-008246 - 2016,Civil Law
76652-1996,C.A. No.-012518-012520 - 1996,Administrative/Service Law
25422-2008,Crl.A. No.-001393-001393 - 2008,Tax/Corporate Law
60356-1972,- 0,Tax/Corporate Law
63314-1995,C.A. No.-011441-011442 - 1995,Civil Law
60295-1971,- 0,Administrative/Service Law
7831-2010,C.A. No.-010650-010650 - 2010,Civil Law
33286-2022,W.P.(Crl.) No.-000429 - 2022,Civil Law
8964-2005,Crl.A. No.-000486-000487 - 2009,Civil Law
202588-1993,- 0,Constitutional Law
22657-2011,Crl.A. No.-000611-000611 - 2012,Tax/Corporate Law
7819-2022,C.A. No.-006776-006776 - 2022,Civil Law
5061-2017,C.A. No.-002991-002991 - 2017,Tax/Corporate Law
2889-2012,C.A. No.-004453-004453 - 2014,Civil Law
215-1967,- 0,Administrative/Service Law
60513-1966,- 0,Administrative/Service Law
25678-2012,C.A. No.-007202-007202 - 2012,Civil Law
19949-2007,Crl.A. No.-000647-000647 - 2009,Tax/Corporate Law
22518-2023,Crl.A. No.-003233-003233 - 2023,Civil Law
70761-1988,- 0,Administrative/Service Law
3433-2015,CONMT.PET.(C) No.-000158-000158 - 2015,Constitutional Law
3307-2003,C.A. No.-001457-001457 - 2004,Civil Law
2657-2011,C.A. No.-000250-000250 - 2012,Civil Law
8347-2012,C.A. No.-000195-000195 - 2016,Civil Law
86790-1992,SLP(C) No.-011897-011898 - 1992,Constitutional Law
72600-1989,- 0,Administrative/Service Law
25544-2005,C.A. No.-000352-000352 - 2009,Civil Law
21307-2009,Crl.A. No.-001506-001506 - 2009,Tax/Corporate Law
16714-1994,C.A. No.-008254-008254 - 1995,Civil Law
60096-1971,- 0,Administrative/Service Law
4970-1995,C.A. No.-007566-007566 - 1996,Constitutional Law
60378-1968,- 0,Administrative/Service Law
-0,-,Criminal Law
126-1956,- 0,Administrative/Service Law
4753-1994,C.A. No.-009520-009522 - 1994,Civil Law
22751-2006,C.A. No.-004270-004270 - 2008,Constitutional Law
12972-2009,C.A. No.-009049-009049 - 2012,Constitutional Law
1258-2003,C.A. No.-001947-001950 - 2003,Administrative/Service Law
20216-1999,SLP(C) No.-007413-007413 - 2000,Civil Law
5096-2021,C.A. No.-001973-001973 - 2022,Civil Law
14390-2006,Crl.A. No.-001107-001107 - 2007,Tax/Corporate Law
21910-2005,C.A. No.-004454-004454 - 2006,Constitutional Law
62867-1979,- 0,Civil Law
25757-2007,Crl.A. No.-000693-000693 - 2008,Civil Law
12521-2007,C.A. No.-003127-003127 - 2008,Constitutional Law
78201-1991,C.A. No.-008371-008371 - 1995,Constitutional Law
25986-2012,Crl.A. No.-001564-001564 - 2014,Tax/Corporate Law
68295-1984,- 0,Tax/Corporate Law
63315-1980,- 0,Constitutional Law
60195-1970,- 0,Administrative/Service Law
